R,T,n,rows,median_ours_wall_time_s,median_article_wall_time_s,median_ours_peak_gb,median_article_peak_gb,median_time_ratio,median_memory_ratio
0.2,0.2,50,10,0.0539935,0.0533665,0.00165557861328125,0.001667022705078125,1.0056880000000001,0.9886254999999999
0.2,0.2,100,10,0.053429000000000004,0.053433499999999995,0.001651763916015625,0.0016937255859375,1.0028765000000002,0.9696495
0.2,0.2,200,10,0.053363999999999995,0.0536205,0.0016269683837890625,0.001678466796875,0.9983044999999999,0.9718955
0.2,0.2,300,10,0.053974,0.053235000000000005,0.0016193389892578125,0.0016841888427734375,1.0069024999999998,0.952575
0.2,0.2,400,10,0.103984,0.0539245,0.011533737182617188,0.001708984375,1.0034875,1.602344
0.2,0.2,500,10,0.202267,0.1499405,0.020154953002929688,0.009756088256835938,1.25105,1.88131
0.2,0.2,600,10,0.44725950000000003,0.389834,0.04048919677734375,0.025604248046875,1.130178,1.646176
0.2,0.2,700,10,0.6586494999999999,0.5396785,0.05442047119140625,0.034091949462890625,1.1553879999999999,1.4658735
0.2,0.2,800,10,1.048362,0.9669605000000001,0.08264923095703125,0.06322097778320312,1.0660515,1.281234
0.2,0.2,900,10,1.7683285,1.63242,0.1262645721435547,0.10907363891601562,1.0135355,1.1510444999999998
0.2,0.2,1000,10,2.2434355000000004,2.2962749999999996,0.15673446655273438,0.1493358612060547,0.9230425,1.040225
0.2,0.2,1100,10,2.7564960000000003,2.7494240000000003,0.20611572265625,0.1801013946533203,0.9376705000000001,1.0683850000000001
0.2,0.4,50,10,0.053557499999999994,0.0534915,0.0016651153564453125,0.00168609619140625,1.000845,0.9830315000000001
0.2,0.4,100,10,0.0536815,0.0532555,0.00164794921875,0.001689910888671875,1.0064045,0.956534
0.2,0.4,200,10,0.20616299999999999,0.1805655,0.014223098754882812,0.012348175048828125,1.1813440000000002,1.0410445
0.2,0.4,300,10,0.9140515,0.8978789999999999,0.04631233215332031,0.05768775939941406,1.0554665,0.8586499999999999
0.2,0.4,400,10,2.512424,2.6570235,0.11005592346191406,0.16990280151367188,0.959306,0.6440055
0.2,0.4,500,10,6.8382485,9.2747355,0.26903343200683594,0.6040267944335938,0.759917,0.46181
0.2,0.4,600,10,11.4623205,14.742821999999999,0.4450817108154297,0.9624290466308594,0.756327,0.4506025
0.2,0.4,700,10,20.9366085,29.5233525,0.7713508605957031,1.9382038116455078,0.730918,0.4050755
0.2,0.4,800,10,36.300089,55.0243405,1.2748260498046875,3.7278308868408203,0.6871400000000001,0.3496165
0.2,0.4,900,10,65.0094785,100.280231,2.2128238677978516,6.913761138916016,0.662039,0.3163845
0.2,0.4,1000,10,78.65906849999999,121.69311450000001,2.493997573852539,8.376821517944336,0.6421715,0.32963149999999997
0.2,0.4,1100,10,107.1880205,189.3878575,3.7148818969726562,11.484745025634766,0.5766825,0.3417065
0.2,0.6,50,10,0.053722,0.053345000000000004,0.0016613006591796875,0.00168609619140625,1.0080875,0.9572700000000001
0.2,0.6,100,10,0.0535545,0.053239,0.001628875732421875,0.00168609619140625,1.0041765,0.9498935
0.2,0.6,200,10,0.4600525,0.41097249999999996,0.02435302734375,0.02667236328125,1.1225114999999999,0.919909
0.2,0.6,300,10,1.9310589999999999,2.1217945,0.07731819152832031,0.13644790649414062,0.8653435,0.5683895000000001
0.2,0.6,400,10,6.1043455,7.397444,0.2076396942138672,0.48261451721191406,0.83077,0.43356700000000004
0.2,0.6,500,10,15.289044,20.583585999999997,0.46006202697753906,1.4006462097167969,0.7382265,0.32815300000000003
0.2,0.6,600,10,25.2237725,33.642998000000006,0.7634696960449219,2.3131885528564453,0.6906505000000001,0.32147950000000003
0.2,0.6,700,10,48.20389350000001,74.30583899999999,1.259958267211914,5.2355499267578125,0.6474545,0.25566500000000003
0.2,0.6,800,10,81.2062825,122.02876649999999,2.238096237182617,8.548452377319336,0.6611205,0.263465
0.2,0.6,900,10,128.43064149999998,230.434262,3.4546642303466797,11.696495056152344,0.57457,0.2935655
0.2,0.6,1000,10,177.6309855,343.62075949999996,5.123476028442383,12.18086051940918,0.5271485,0.419664
0.2,0.6,1100,10,264.8686705,550.6705585,6.225799560546875,12.780279159545898,0.4702045,0.489324
0.2,0.8,50,10,0.0536315,0.0532735,0.001636505126953125,0.00168609619140625,1.0065495,0.967876
0.2,0.8,100,10,0.053517,0.05336249999999999,0.0016040802001953125,0.00168609619140625,1.0020855000000002,0.937461
0.2,0.8,200,10,0.20550649999999998,0.1567425,0.01227569580078125,0.012147903442382812,1.2797554999999998,0.9406875
0.2,0.8,300,10,0.63666,0.6150985,0.028932571411132812,0.040744781494140625,1.081793,0.7423105
0.2,0.8,400,10,2.5658435,2.759273,0.09074211120605469,0.1862049102783203,0.9505954999999999,0.505699
0.2,0.8,500,10,5.4812955,5.743665999999999,0.17315292358398438,0.3870105743408203,0.9563785,0.413704
0.2,0.8,600,10,11.1517005,12.186058500000001,0.31567955017089844,0.8494319915771484,0.923307,0.368906
0.2,0.8,700,10,21.776705,24.408182,0.5547065734863281,1.7768173217773438,0.910233,0.317024
0.2,0.8,800,10,36.98398,42.2587645,0.8247756958007812,3.1369056701660156,0.8266045,0.2605905
0.2,0.8,900,10,54.5995305,65.6394275,1.3745899200439453,4.932159423828125,0.825092,0.26955399999999996
0.2,0.8,1000,10,79.85867350000001,101.57307700000001,2.045022964477539,7.776031494140625,0.7875325,0.26464699999999997
0.2,0.8,1100,10,113.817831,143.28875299999999,2.5619068145751953,10.748044967651367,0.779906,0.2330195
0.4,0.2,50,10,0.053575,0.0536075,0.00164794921875,0.00168609619140625,1.0010515,0.976295
0.4,0.2,100,10,0.053577,0.0536825,0.0016117095947265625,0.00168609619140625,0.9994395,0.933296
0.4,0.2,200,10,0.054213,0.0533465,0.001667022705078125,0.00168609619140625,1.0113604999999999,0.9863474999999999
0.4,0.2,300,10,0.053355,0.053469,0.001644134521484375,0.001689910888671875,1.0012595000000002,0.957533
0.4,0.2,400,10,0.0584745,0.0601135,0.0018253326416015625,0.00168609619140625,0.972678,1.09159
0.4,0.2,500,10,0.06315,0.0600915,0.0021686553955078125,0.0016918182373046875,1.050204,1.2516414999999999
0.4,0.2,600,10,0.062899,0.060101,0.0020580291748046875,0.001712799072265625,1.0457290000000001,1.186353
0.4,0.2,700,10,0.062894,0.060052499999999995,0.0020465850830078125,0.00168609619140625,1.047755,1.217748
0.4,0.2,800,10,0.062421000000000004,0.060054,0.001995086669921875,0.001728057861328125,1.0433275000000002,1.147059
0.4,0.2,900,10,0.0623485,0.059874500000000004,0.0019073486328125,0.001674652099609375,1.04236,1.1429255
0.4,0.2,1000,10,0.062346,0.059909,0.0018291473388671875,0.001689910888671875,1.0381205,1.079892
0.4,0.2,1100,10,0.062223,0.060025999999999996,0.0017223358154296875,0.00168609619140625,1.0361525,1.053042
0.4,0.4,50,10,0.05359800000000001,0.053599,0.0016574859619140625,0.00168609619140625,1.0029745,0.977376
0.4,0.4,100,10,0.053561,0.0534235,0.001613616943359375,0.00168609619140625,1.002507,0.9513035000000001
0.4,0.4,200,10,0.0537615,0.053492,0.001705169677734375,0.001678466796875,1.00504,1.023364
0.4,0.4,300,10,0.256769,0.2063215,0.015727996826171875,0.013853073120117188,1.285278,1.117396
0.4,0.4,400,10,0.422804,0.3615235,0.026147842407226562,0.02445220947265625,1.1536564999999999,1.0254075
0.4,0.4,500,10,1.555475,1.3902315,0.070770263671875,0.09410858154296875,1.101242,0.7286805000000001
0.4,0.4,600,10,2.455572,2.3870940000000003,0.1068878173828125,0.16046142578125,1.106131,0.670606
0.4,0.4,700,10,4.351889,4.6246405,0.17389678955078125,0.3154315948486328,0.9998065,0.5672215
0.4,0.4,800,10,7.9438555,8.919329,0.28697967529296875,0.6174983978271484,0.9168799999999999,0.5088355
0.4,0.4,900,10,12.8680555,15.295759,0.42925262451171875,1.0636730194091797,0.8800365,0.4484545
0.4,0.4,1000,10,16.6218105,19.4782405,0.5655479431152344,1.3827934265136719,0.856187,0.4243365
0.4,0.4,1100,10,26.9281775,31.972183,0.8455543518066406,2.233753204345703,0.8595975,0.4298685
0.4,0.6,50,10,0.0537705,0.053479,0.00164794921875,0.0016880035400390625,1.0037150000000001,0.965999
0.4,0.6,100,10,0.0537585,0.053508,0.0016155242919921875,0.0016765594482421875,1.00241,0.953468
0.4,0.6,200,10,0.207678,0.1551115,0.012142181396484375,0.010776519775390625,1.3389345,1.086082
0.4,0.6,300,10,0.814611,0.5405575,0.033184051513671875,0.03682899475097656,1.191459,0.7978285
0.4,0.6,400,10,2.8482905,2.5079445,0.09531784057617188,0.1680755615234375,1.0652240000000002,0.550546
0.4,0.6,500,10,6.3539885,6.6488405,0.19125747680664062,0.4604949951171875,0.9461755000000001,0.40286999999999995
0.4,0.6,600,10,10.9764915,11.336252,0.2915935516357422,0.7856769561767578,0.9381200000000001,0.38107749999999996
0.4,0.6,700,10,19.5307675,23.078371999999998,0.49590301513671875,1.6858844757080078,0.873605,0.3023195
0.4,0.6,800,10,37.6185745,41.930781499999995,0.8676929473876953,3.142009735107422,0.877702,0.280813
0.4,0.6,900,10,52.948732,64.54664,1.3746261596679688,4.776849746704102,0.849176,0.29035299999999997
0.4,0.6,1000,10,78.32806550000001,101.2252785,1.7377815246582031,7.550567626953125,0.786483,0.27389149999999995
0.4,0.6,1100,10,121.2307735,149.1725365,2.486391067504883,11.139781951904297,0.7502975000000001,0.2410255
0.4,0.8,50,10,0.0534465,0.0532905,0.001667022705078125,0.00168609619140625,1.0011174999999999,0.981133
0.4,0.8,100,10,0.0536025,0.053342,0.001605987548828125,0.001678466796875,1.0060060000000002,0.9577154999999999
0.4,0.8,200,10,0.053546,0.05331949999999999,0.00164794921875,0.00168609619140625,1.0043445,0.9608190000000001
0.4,0.8,300,10,0.054117,0.0534645,0.0016536712646484375,0.0017108917236328125,1.007628,0.9641785
0.4,0.8,400,10,0.062816,0.0600035,0.002109527587890625,0.0016841888427734375,1.04595,1.2341034999999998
0.4,0.8,500,10,0.09143599999999999,0.0600155,0.00787353515625,0.001773834228515625,1.0509650000000001,1.289084
0.4,0.8,600,10,0.147761,0.085378,0.013864517211914062,0.004787445068359375,1.0437634999999998,1.465581
0.4,0.8,700,10,0.21231699999999998,0.119867,0.024250030517578125,0.007831573486328125,1.657025,2.3324685
0.4,0.8,800,10,0.3274905,0.204972,0.033565521240234375,0.013006210327148438,1.6458575,2.2044555
0.4,0.8,900,10,0.2421775,0.1210725,0.034404754638671875,0.00946807861328125,1.51831,3.6820385
0.4,0.8,1000,10,0.357857,0.20984550000000002,0.04561614990234375,0.013620376586914062,1.634521,3.408188
0.4,0.8,1100,10,0.3585975,0.24856850000000003,0.05020332336425781,0.015380859375,1.6378125,3.277125
0.6,0.2,50,10,0.0534495,0.0535065,0.001617431640625,0.001689910888671875,0.997841,0.9428725
0.6,0.2,100,10,0.053711999999999996,0.0533815,0.001621246337890625,0.00168609619140625,1.0017575,0.936448
0.6,0.2,200,10,0.0537825,0.0535515,0.0016498565673828125,0.00168609619140625,1.0008245,0.98298
0.6,0.2,300,10,0.0540505,0.053429000000000004,0.0016193389892578125,0.00168609619140625,1.0127605,0.9582364999999999
0.6,0.2,400,10,0.06307399999999999,0.0600975,0.00202178955078125,0.0016841888427734375,1.0489465,1.233144
0.6,0.2,500,10,0.0629855,0.06021,0.0020275115966796875,0.0017375946044921875,1.046626,1.1838039999999999
0.6,0.2,600,10,0.0631735,0.060087,0.002079010009765625,0.0017070770263671875,1.0510985000000002,1.1937484999999999
0.6,0.2,700,10,0.06282950000000001,0.060129,0.002044677734375,0.0016937255859375,1.045172,1.1920625
0.6,0.2,800,10,0.062765,0.060027,0.0020961761474609375,0.0016994476318359375,1.044727,1.202506
0.6,0.2,900,10,0.0628345,0.060108,0.0021266937255859375,0.001678466796875,1.043869,1.2456835000000002
0.6,0.2,1000,10,0.0626675,0.060104500000000005,0.0019168853759765625,0.001689910888671875,1.041505,1.1356190000000002
0.6,0.2,1100,10,0.058032,0.058459,0.0016727447509765625,0.00170135498046875,1.0000255,0.9965729999999999
0.6,0.4,50,10,0.053873000000000004,0.05345949999999999,0.001667022705078125,0.0016918182373046875,1.0072714999999999,0.9554819999999999
0.6,0.4,100,10,0.053628999999999996,0.053375000000000006,0.001628875732421875,0.00168609619140625,1.005581,0.9524885000000001
0.6,0.4,200,10,0.054013500000000006,0.053225,0.001659393310546875,0.0016880035400390625,1.0076935,0.9660195
0.6,0.4,300,10,0.053786,0.053416000000000005,0.00164794921875,0.00168609619140625,1.0037145,0.974979
0.6,0.4,400,10,0.063043,0.059959,0.0022068023681640625,0.00168609619140625,1.0523055000000001,1.3088235
0.6,0.4,500,10,0.1825965,0.1197595,0.017061233520507812,0.0079193115234375,1.52446,2.1414995
0.6,0.4,600,10,0.242701,0.17985299999999999,0.02378082275390625,0.011585235595703125,1.431092,2.0567219999999997
0.6,0.4,700,10,0.4225265,0.299878,0.03575325012207031,0.018802642822265625,1.5033465000000001,1.970837
0.6,0.4,800,10,0.7424580000000001,0.511793,0.0539093017578125,0.0336456298828125,1.44316,1.610644
0.6,0.4,900,10,1.4355665,0.9976114999999999,0.08497047424316406,0.06281089782714844,1.3458255,1.2371245000000002
0.6,0.4,1000,10,1.292328,0.9673935,0.08934783935546875,0.064849853515625,1.3615,1.2993675
0.6,0.4,1100,10,2.0359745,1.4376125000000002,0.11851119995117188,0.08957481384277344,1.4769895,1.4460875
0.6,0.6,50,10,0.053631,0.0534325,0.001628875732421875,0.00168609619140625,1.002223,0.9491365
0.6,0.6,100,10,0.0539475,0.05354,0.001651763916015625,0.001689910888671875,1.007182,0.9655515
0.6,0.6,200,10,0.104309,0.054473499999999994,0.007282257080078125,0.0044498443603515625,1.6906240000000001,1.0731385
0.6,0.6,300,10,0.28348999999999996,0.20602199999999998,0.016126632690429688,0.0134429931640625,1.4992995,1.2309904999999999
0.6,0.6,400,10,1.23271,0.8131090000000001,0.04885292053222656,0.04955863952636719,1.455149,0.9289385
0.6,0.6,500,10,2.7537225000000003,2.0244109999999997,0.08919143676757812,0.13188934326171875,1.318248,0.6412979999999999
0.6,0.6,600,10,4.3464165,2.8408745,0.131683349609375,0.18882179260253906,1.3163245,0.633711
0.6,0.6,700,10,7.646751,5.8318455,0.2153491973876953,0.3799877166748047,1.307323,0.557158
0.6,0.6,800,10,15.5962345,13.567863000000001,0.4048023223876953,0.8975601196289062,1.1600595,0.4320615
0.6,0.6,900,10,18.568648,15.601247,0.5108184814453125,1.023336410522461,1.1837015,0.4570165
0.6,0.6,1000,10,28.643746500000002,24.402987500000002,0.7004814147949219,1.7072887420654297,1.1175834999999998,0.413253
0.6,0.6,1100,10,51.165153000000004,44.386449,1.151632308959961,3.037446975708008,1.168029,0.41558300000000004
0.6,0.8,50,10,0.053761500000000004,0.053586,0.0016536712646484375,0.0016841888427734375,1.000067,0.970297
0.6,0.8,100,10,0.05351550000000001,0.053387500000000004,0.0016326904296875,0.001689910888671875,1.0032775,0.9579495
0.6,0.8,200,10,0.0535345,0.053603,0.0016727447509765625,0.001689910888671875,1.0023835,0.967177
0.6,0.8,300,10,0.053669999999999995,0.053489499999999995,0.0016422271728515625,0.001720428466796875,1.0038065,0.9509635
0.6,0.8,400,10,0.06298799999999999,0.060097,0.0020351409912109375,0.00171661376953125,1.0485929999999999,1.1857215
0.6,0.8,500,10,0.0629715,0.060172,0.002002716064453125,0.001689910888671875,1.045262,1.1846805
0.6,0.8,600,10,0.0628485,0.060118000000000005,0.0021038055419921875,0.0016880035400390625,1.0457755,1.2311429999999999
0.6,0.8,700,10,0.06265799999999999,0.060090000000000005,0.0020294189453125,0.0016994476318359375,1.0441150000000001,1.200903
0.6,0.8,800,10,0.0625465,0.060064,0.0018405914306640625,0.001682281494140625,1.0393075,1.0810405
0.6,0.8,900,10,0.0625925,0.05993950000000001,0.002044677734375,0.001705169677734375,1.0430435,1.174169
0.6,0.8,1000,10,0.0622525,0.059982,0.001789093017578125,0.0016880035400390625,1.0363155,1.0509840000000001
0.6,0.8,1100,10,0.0623975,0.054899,0.001712799072265625,0.0016880035400390625,1.130115,1.0068329999999999
0.8,0.2,50,10,0.05377850000000001,0.053375,0.00162506103515625,0.001689910888671875,1.005137,0.9510675
0.8,0.2,100,10,0.0537975,0.053279499999999994,0.00167083740234375,0.001689910888671875,1.0076245,0.9898315
0.8,0.2,200,10,0.0537135,0.053303,0.001651763916015625,0.0016765594482421875,1.005396,0.9806465
0.8,0.2,300,10,0.053850499999999996,0.0533605,0.001674652099609375,0.001708984375,1.0103529999999998,0.9992985
0.8,0.2,400,10,0.0630185,0.060236,0.0018138885498046875,0.00168609619140625,1.0428865,1.0955685
0.8,0.2,500,10,0.0630645,0.0602035,0.0020351409912109375,0.0016765594482421875,1.0452765,1.2208860000000001
0.8,0.2,600,10,0.062994,0.060072,0.001979827880859375,0.001678466796875,1.0480225,1.1809985
0.8,0.2,700,10,0.063062,0.0601165,0.00201416015625,0.0016841888427734375,1.047208,1.2054835000000002
0.8,0.2,800,10,0.0626685,0.060153,0.002063751220703125,0.0016937255859375,1.0433885,1.221219
0.8,0.2,900,10,0.0627675,0.060025499999999996,0.00203704833984375,0.00168609619140625,1.044704,1.1865125
0.8,0.2,1000,10,0.0626025,0.060065499999999994,0.001880645751953125,0.001689910888671875,1.0413445000000001,1.112867
0.8,0.2,1100,10,0.0586715,0.054135,0.001674652099609375,0.001678466796875,1.090811,1.0023355
0.8,0.4,50,10,0.053941,0.0532605,0.0016384124755859375,0.00168609619140625,1.0107724999999999,0.965947
0.8,0.4,100,10,0.053387500000000004,0.0533705,0.0016326904296875,0.001689910888671875,1.001417,0.96614
0.8,0.4,200,10,0.053644,0.053245,0.0016231536865234375,0.001689910888671875,1.0046335,0.946359
0.8,0.4,300,10,0.053857,0.053349,0.0016536712646484375,0.0016880035400390625,1.009857,0.978881
0.8,0.4,400,10,0.0628785,0.0601955,0.0020351409912109375,0.001682281494140625,1.0466959999999998,1.2071839999999998
0.8,0.4,500,10,0.063197,0.0601675,0.002017974853515625,0.00168609619140625,1.0498135,1.184347
0.8,0.4,600,10,0.06293,0.060113,0.00211334228515625,0.0016841888427734375,1.0479275000000001,1.2370670000000001
0.8,0.4,700,10,0.0629,0.060116,0.00217437744140625,0.0016841888427734375,1.045901,1.262139
0.8,0.4,800,10,0.06278,0.0601325,0.0021648406982421875,0.001720428466796875,1.0446715000000002,1.2225134999999998
0.8,0.4,900,10,0.06283,0.0600495,0.00209808349609375,0.0016880035400390625,1.0441325,1.2429320000000001
0.8,0.4,1000,10,0.0625115,0.060048000000000004,0.001819610595703125,0.001689910888671875,1.0408575,1.043755
0.8,0.4,1100,10,0.059325,0.053767499999999996,0.001667022705078125,0.0016937255859375,1.1048135000000001,0.9940844999999999
0.8,0.6,50,10,0.053680500000000006,0.053278000000000006,0.0016460418701171875,0.00168609619140625,1.0083655,0.9747085
0.8,0.6,100,10,0.0536435,0.0534555,0.0016040802001953125,0.001697540283203125,1.0022635000000002,0.9497955
0.8,0.6,200,10,0.053899,0.053202,0.0016651153564453125,0.0016727447509765625,1.0122499999999999,0.9875385
0.8,0.6,300,10,0.054014,0.053471500000000005,0.0016651153564453125,0.001689910888671875,1.0066125,1.013212
0.8,0.6,400,10,0.152581,0.1151345,0.012712478637695312,0.007610321044921875,1.1982055,1.4758135000000001
0.8,0.6,500,10,0.15215,0.1100665,0.0146026611328125,0.0076503753662109375,1.4072235,1.543061
0.8,0.6,600,10,0.38755599999999996,0.27002499999999996,0.028600692749023438,0.016643524169921875,1.349123,1.4235945
0.8,0.6,700,10,0.32264899999999996,0.209893,0.030981063842773438,0.0130615234375,1.507987,1.8686795000000003
0.8,0.6,800,10,0.6303545,0.389785,0.042022705078125,0.024023056030273438,1.6518905,1.8535409999999999
0.8,0.6,900,10,0.6319905,0.4798825,0.052005767822265625,0.026624679565429688,1.628885,2.0305385
0.8,0.6,1000,10,1.2913185,0.845761,0.08539581298828125,0.04784202575683594,1.5711605,1.7778265
0.8,0.6,1100,10,2.4082115,1.289397,0.11253166198730469,0.06946754455566406,1.6206125,1.8089285
0.8,0.8,50,10,0.053765,0.0535505,0.001659393310546875,0.0016727447509765625,1.007457,0.9928945
0.8,0.8,100,10,0.053488499999999994,0.053209,0.001674652099609375,0.001689910888671875,1.004943,0.9798640000000001
0.8,0.8,200,10,0.053628999999999996,0.0534465,0.001659393310546875,0.001674652099609375,1.0015420000000002,0.954018
0.8,0.8,300,10,0.053741,0.053247499999999996,0.0016422271728515625,0.001689910888671875,1.006478,0.9624965
0.8,0.8,400,10,0.0630725,0.0601565,0.002140045166015625,0.0016918182373046875,1.0489389999999998,1.2818610000000001
0.8,0.8,500,10,0.06308,0.0601765,0.002002716064453125,0.001689910888671875,1.047971,1.165732
0.8,0.8,600,10,0.062841,0.0600715,0.0021190643310546875,0.00168609619140625,1.0460175,1.263554
0.8,0.8,700,10,0.0626505,0.0600015,0.001987457275390625,0.0016841888427734375,1.0443205,1.1804685
0.8,0.8,800,10,0.0625475,0.060106,0.001953125,0.001678466796875,1.0429595,1.1650625
0.8,0.8,900,10,0.062586,0.0599635,0.001995086669921875,0.0016765594482421875,1.0440575,1.172924
0.8,0.8,1000,10,0.062395,0.059925000000000006,0.001880645751953125,0.0016727447509765625,1.037088,1.1066639999999999
0.8,0.8,1100,10,0.104376,0.0535715,0.0051746368408203125,0.001689910888671875,1.8286395,2.9929415
1.0,0.2,50,10,0.0536835,0.0546995,0.00200653076171875,0.00200653076171875,0.9870625,1.0
1.0,0.2,100,10,0.053492,0.054203,0.00200653076171875,0.00200653076171875,0.98582,0.998099
1.0,0.2,200,10,0.0536105,0.053914500000000004,0.00202178955078125,0.002017974853515625,0.990904,1.000853
1.0,0.2,300,10,0.053297,0.053998000000000004,0.00200653076171875,0.00200653076171875,0.983586,1.0
1.0,0.2,400,10,0.053361000000000006,0.053718,0.002002716064453125,0.00199127197265625,0.9925459999999999,1.0
1.0,0.2,500,10,0.053373,0.054178500000000004,0.0020084381103515625,0.0020008087158203125,0.984953,1.0
1.0,0.2,600,10,0.0540935,0.054317,0.0020084381103515625,0.00200653076171875,1.0011679999999998,1.0038355
1.0,0.2,700,10,0.0533395,0.0536315,0.0020046234130859375,0.00200653076171875,0.9919235,1.0
1.0,0.2,800,10,0.0538105,0.053707000000000005,0.0020236968994140625,0.00200653076171875,1.0002085,1.0047294999999998
1.0,0.2,900,10,0.0533925,0.0543845,0.002002716064453125,0.0020084381103515625,0.9832595,0.992544
1.0,0.2,1000,10,0.054389,0.05402800000000001,0.00200653076171875,0.0020198822021484375,1.0027525,0.993398
1.0,0.2,1100,10,0.053367,0.053780999999999995,0.0020046234130859375,0.00200653076171875,0.989692,0.9886805000000001
1.0,0.4,50,10,0.053356,0.054251999999999995,0.00201416015625,0.00200653076171875,0.9852105,1.0
1.0,0.4,100,10,0.053418,0.053917,0.0020046234130859375,0.0020122528076171875,0.995386,0.9981095
1.0,0.4,200,10,0.0535245,0.0542965,0.00201416015625,0.002010345458984375,0.9852385,0.993371
1.0,0.4,300,10,0.05352,0.0539765,0.00200653076171875,0.0020198822021484375,0.989967,0.985822
1.0,0.4,400,10,0.053398,0.0540985,0.00200653076171875,0.0020084381103515625,0.984078,0.9905014999999999
1.0,0.4,500,10,0.054051,0.0540285,0.00200653076171875,0.0020046234130859375,1.001785,1.0
1.0,0.4,600,10,0.0535085,0.0536495,0.002017974853515625,0.00200653076171875,0.9996905,1.004744
1.0,0.4,700,10,0.053441,0.0541695,0.002002716064453125,0.00200653076171875,0.9837265,0.994293
1.0,0.4,800,10,0.053516,0.0539,0.00200653076171875,0.00202178955078125,0.98856,0.987732
1.0,0.4,900,10,0.053475999999999996,0.0536035,0.00200653076171875,0.0020122528076171875,0.9956955000000001,1.0
1.0,0.4,1000,10,0.053596000000000005,0.053828,0.00200653076171875,0.00200653076171875,0.9928285,0.990494
1.0,0.4,1100,10,0.053626,0.054224999999999995,0.00200653076171875,0.0020122528076171875,0.996424,0.9971645
1.0,0.6,50,10,0.053537999999999995,0.0542905,0.00200653076171875,0.002010345458984375,0.9867735,0.9942895
1.0,0.6,100,10,0.053333500000000006,0.0546105,0.002017974853515625,0.0020294189453125,0.979553,0.9914555
1.0,0.6,200,10,0.0541975,0.05382,0.00200653076171875,0.00202178955078125,0.9978020000000001,0.997159
1.0,0.6,300,10,0.053568,0.054144,0.0020084381103515625,0.0020122528076171875,0.992383,0.993398
1.0,0.6,400,10,0.053372,0.053883,0.0020046234130859375,0.00202178955078125,0.986756,0.9915145000000001
1.0,0.6,500,10,0.053422,0.0541805,0.00200653076171875,0.002010345458984375,0.9890384999999999,0.9895670000000001
1.0,0.6,600,10,0.053445,0.0545525,0.0020046234130859375,0.00200653076171875,0.9827265000000001,0.988636
1.0,0.6,700,10,0.053578,0.053987999999999994,0.0020046234130859375,0.00200653076171875,0.9889775000000001,1.0
1.0,0.6,800,10,0.054247000000000004,0.0541905,0.0020160675048828125,0.0020084381103515625,0.9965745,0.9923679999999999
1.0,0.6,900,10,0.0532525,0.0535405,0.002002716064453125,0.0020236968994140625,0.9958195000000001,0.989635
1.0,0.6,1000,10,0.05376,0.0541205,0.00200653076171875,0.0019969940185546875,0.9985775,1.0047985000000001
1.0,0.6,1100,10,0.0531635,0.0537285,0.0020008087158203125,0.00200653076171875,0.9901795,0.998099
1.0,0.8,50,10,0.0531805,0.0539115,0.00197601318359375,0.00200653076171875,0.989922,0.984791
1.0,0.8,100,10,0.053702,0.0546725,0.00200653076171875,0.0020084381103515625,0.984727,0.9915285
1.0,0.8,200,10,0.0534135,0.054543499999999995,0.0020084381103515625,0.002017974853515625,0.9873545,0.9923955
1.0,0.8,300,10,0.053747,0.053829,0.0020160675048828125,0.0020084381103515625,0.9979834999999999,1.0019010000000002
1.0,0.8,400,10,0.053852,0.05438,0.002010345458984375,0.00200653076171875,0.985009,1.0018995
1.0,0.8,500,10,0.053346,0.05434,0.0020046234130859375,0.00202178955078125,0.9866889999999999,0.9915465
1.0,0.8,600,10,0.0533565,0.05404199999999999,0.00200653076171875,0.0020160675048828125,0.988677,0.994361
1.0,0.8,700,10,0.0539305,0.0540345,0.002002716064453125,0.00200653076171875,0.9956564999999999,0.997175
1.0,0.8,800,10,0.053461999999999996,0.054110000000000005,0.0020046234130859375,0.0020122528076171875,0.9889034999999999,1.0
1.0,0.8,900,10,0.053364999999999996,0.053825000000000005,0.00200653076171875,0.00201416015625,0.9922675,0.985822
1.0,0.8,1000,10,0.0536315,0.053732,0.00200653076171875,0.0020122528076171875,0.9947075,1.0000015
1.0,0.8,1100,10,0.053627499999999995,0.0541,0.0019989013671875,0.002017974853515625,0.9861154999999999,0.9895945
