series_norm,config_norm,n,R,T,total_count,solved_count,solved_rate,oot_count,oom_count,err_count,median_time_ms_solved,p90_time_ms_solved,median_nodes,p90_nodes,median_memory_peak_bytes,p90_memory_peak_bytes,median_memo_exact_hit_rate,median_memo_lb_hit_rate,median_bound_time_share,median_cleanup_time_share
hard,adaptive_v1,1100,0.2,0.4,10,10,1.0,0,0,0,153509.2158,207314.18079,27565064.0,35127424.2,9313536000.0,11196153856.0,0.1407042998311891,,0.0,0.0
hard,adaptive_v1,1100,0.2,0.6,10,10,1.0,0,0,0,425058.72160000005,487747.79056,55755090.5,66372795.4,16904933376.0,16905908224.0,0.13209896245650943,,0.0,0.0
hard,adaptive_v1,1100,0.2,0.8,10,10,1.0,0,0,0,165841.457,205326.41650999998,19720180.0,24953945.8,16905908224.0,16905908224.0,0.1581434814993789,,0.0,0.0
hard,adaptive_v1,1100,0.4,0.6,10,10,1.0,0,0,0,122158.5015,152868.78828,15050188.5,20029675.3,16905908224.0,16905908224.0,0.19303953759144754,,0.0,0.0
hard,adaptive_v2,1100,0.2,0.4,10,10,1.0,0,0,0,171283.31579999998,217474.73754,15672487.5,18553456.0,5015613440.0,5016932352.0,0.08027170687497795,,0.0,0.0
hard,adaptive_v2,1100,0.2,0.6,10,10,1.0,0,0,0,420483.52645,473452.79725999996,29916025.0,33296311.7,11199549440.0,11199549440.0,0.07562503052019037,,0.0,0.0
hard,adaptive_v2,1100,0.2,0.8,10,10,1.0,0,0,0,177444.53275,199488.48745000002,11259363.0,12655709.2,11199549440.0,11199549440.0,0.06061733055817091,,0.0,0.0
hard,adaptive_v2,1100,0.4,0.6,10,10,1.0,0,0,0,174073.34765,184468.90776,10496471.0,11670740.2,11199549440.0,11199549440.0,0.06865842124534806,,0.0,0.0
hard,adaptive_v3,1100,0.2,0.4,10,10,1.0,0,0,0,120484.82515,160092.29859999998,11776936.5,14583490.3,4175069184.0,5015109632.0,0.10186297537689082,,0.0,0.0
hard,adaptive_v3,1100,0.2,0.6,10,10,1.0,0,0,0,286200.33995000005,317714.02223,20885543.5,23158177.8,7435104256.0,7435104256.0,0.09288384860140857,,0.0,0.0
hard,adaptive_v3,1100,0.2,0.8,10,10,1.0,0,0,0,122380.34825,132377.31289,8320832.0,8788834.7,7435104256.0,7435104256.0,0.0855105977177854,,0.0,0.0
hard,adaptive_v3,1100,0.4,0.6,10,10,1.0,0,0,0,130636.9523,144587.65628,8776799.0,10173662.9,7435104256.0,7435104256.0,0.110209945739633,,0.0,0.0
hard,adaptive_v3,1200,0.2,0.4,10,10,1.0,0,0,0,180346.436,219918.72937,15383304.5,19017658.2,5238259712.0,5240434688.0,0.10543620079425478,,0.0,0.0
hard,adaptive_v3,1200,0.2,0.6,10,10,1.0,0,0,0,393573.1852,471422.34433,26683109.0,32188300.8,9733627904.0,11697324032.0,0.09393192614530955,,0.0,0.0
hard,adaptive_v3,1200,0.2,0.8,10,10,1.0,0,0,0,168592.22074999998,200714.46499,10631750.5,12491587.7,11697324032.0,11697324032.0,0.0857326687163587,,0.0,0.0
hard,adaptive_v3,1200,0.4,0.6,10,10,1.0,0,0,0,170398.64925000002,205472.64376,10988751.0,12909160.6,11697324032.0,11697324032.0,0.10400144241373574,,0.0,0.0
hard,adaptive_v3,1300,0.2,0.4,10,10,1.0,0,0,0,262374.28945,276542.95505,20629807.5,22761096.3,8508907520.0,8509288448.0,0.10243385072359001,,0.0,0.0
hard,adaptive_v3,1300,0.2,0.6,10,10,1.0,0,0,0,496629.74535,575035.4200299999,31601409.5,37427765.4,12803645440.0,12803657728.0,0.09236089459223257,,0.0,0.0
hard,adaptive_v3,1300,0.2,0.8,10,10,1.0,0,0,0,254409.9155,274458.07609,14757882.0,15565017.3,12803657728.0,12803657728.0,0.0895903906711765,,0.0,0.0
hard,adaptive_v3,1300,0.4,0.6,10,10,1.0,0,0,0,211355.63865,269541.53917,12422228.0,15856782.1,12803657728.0,12803657728.0,0.10428286875589943,,0.0,0.0
hard,adaptive_v3,1400,0.2,0.4,10,10,1.0,0,0,0,297722.83255000005,353415.86608999997,23558444.0,27649349.9,8908230656.0,8908931072.0,0.10459776688352326,,0.0,0.0
hard,adaptive_v3,1400,0.2,0.6,10,10,1.0,0,0,0,667639.1592999999,733081.85397,41302162.5,44290891.3,13396537344.0,13396615168.0,0.09592557652156078,,0.0,0.0
hard,adaptive_v3,1400,0.2,0.8,10,10,1.0,0,0,0,300658.9096,358548.15979999996,16698356.5,20003895.0,13396615168.0,13396615168.0,0.09013185476714408,,0.0,0.0
hard,adaptive_v3,1400,0.4,0.6,10,10,1.0,0,0,0,308136.47315,338433.51623,17647440.0,19505226.4,13396615168.0,13396615168.0,0.11194742488643288,,0.0,0.0
hard,adaptive_v3,1500,0.2,0.4,10,10,1.0,0,0,0,374475.8611,422147.48589999997,28742037.0,31233844.9,9648109568.0,9653374976.0,0.10437142101451252,,0.0,0.0
hard,adaptive_v3,1500,0.2,0.6,10,10,1.0,0,0,0,794190.9005,886805.49347,45538910.0,50782257.6,14507888640.0,14507888640.0,0.09616142984464385,,0.0,0.0
hard,adaptive_v3,1500,0.2,0.8,10,10,1.0,0,0,0,411324.93,445301.27293000004,21285491.5,22362902.4,14507888640.0,14507888640.0,0.08509556061587403,,0.0,0.0
hard,adaptive_v3,1500,0.4,0.6,10,10,1.0,0,0,0,332376.76285,366780.74201,17781371.0,19764782.3,14507888640.0,14507888640.0,0.11777498746470058,,0.0,0.0
hard,adaptive_v3,1600,0.2,0.4,10,10,1.0,0,0,0,508903.64084999997,638069.3637999999,35149744.0,38571729.5,14995165184.0,14995165184.0,0.10502018876612985,,0.0,0.0
hard,adaptive_v3,1600,0.2,0.6,10,10,1.0,0,0,0,1142955.2917,1258635.0923900001,61999482.5,63476145.9,14870605824.0,14995165184.0,0.09842818572716683,,0.0,0.0016491878167454671
hard,adaptive_v3,1600,0.2,0.8,10,10,1.0,0,0,0,534800.26015,602999.73303,25311446.0,29076174.5,14870605824.0,14870605824.0,0.08846698765085222,,0.0,0.0
hard,adaptive_v3,1600,0.4,0.6,10,10,1.0,0,0,0,512076.8643,594160.83496,25484567.5,28095186.099999998,14870605824.0,14870605824.0,0.10992606524128562,,0.0,0.0
hard,adaptive_v3,1700,0.2,0.4,10,10,1.0,0,0,0,644767.6794499999,703238.85785,41252703.0,45561623.3,15957467136.0,15957467136.0,0.10505706787255692,,0.0,0.0
hard,adaptive_v3,1700,0.2,0.6,10,10,1.0,0,0,0,1332883.4254,1418865.39123,70108916.0,72984898.0,15957467136.0,15963090944.0,0.10050222389053379,,0.0,0.0023533612384011083
hard,adaptive_v3,1700,0.2,0.8,10,10,1.0,0,0,0,641666.5058,699553.81015,30008703.5,31712001.599999998,15963090944.0,15963090944.0,0.0894020270039699,,0.0,0.0
hard,adaptive_v3,1700,0.4,0.6,10,10,1.0,0,0,0,585221.2294,746439.6098,28154075.0,33712741.4,15963090944.0,15963090944.0,0.10666612788117615,,0.0,0.0
hard,adaptive_v3,1800,0.2,0.4,10,10,1.0,0,0,0,834397.7827999999,903373.28993,51626208.0,54925091.4,15405731840.0,17097547776.0,0.10909452867487812,,0.0,0.0015579391229307584
hard,adaptive_v3,1800,0.2,0.6,10,10,1.0,0,0,0,1756629.48095,2057758.53335,84948194.0,96677603.8,17098459136.0,17099370496.0,0.09909746518411225,,0.0,0.002932930134118354
hard,adaptive_v3,1800,0.2,0.8,10,10,1.0,0,0,0,830823.95955,885819.0485500001,36461105.5,37356772.3,17099370496.0,17102082048.0,0.08648418940854817,,0.0,0.0
hard,adaptive_v3,1800,0.4,0.6,10,10,1.0,0,0,0,807575.1448,966087.1573999999,35407694.0,39793936.5,17102082048.0,17102082048.0,0.11616513877322904,,0.0,0.0
hard,both,1100,0.2,0.4,10,10,1.0,0,0,0,162433.8957,226937.37573,22654794.0,30526209.8,7432159232.0,7433707520.0,0.16036251674822047,,0.0,0.0
hard,both,1100,0.2,0.6,10,10,1.0,0,0,0,432982.698,530733.76893,45226635.0,52255837.5,14687629312.0,14711009280.0,0.15821331739992406,,0.0,0.0
hard,both,1100,0.2,0.8,10,10,1.0,0,0,0,148695.89159999997,173421.42264,14000367.0,17096343.3,14711009280.0,14711009280.0,0.22469345716512296,,0.0,0.0
hard,both,1100,0.4,0.6,10,10,1.0,0,0,0,154974.24225,188498.51264,14337235.5,18157058.9,14711009280.0,14711009280.0,0.2472611655877929,,0.0,0.0
hard,lawler,1100,0.2,0.4,10,10,1.0,0,0,0,154523.85830000002,210616.71399,27590383.0,35160223.0,9313177600.0,11195023360.0,0.14082127323862986,,0.0,0.0
hard,lawler,1100,0.2,0.6,10,10,1.0,0,0,0,419990.4811,496073.86407,56317716.0,66416411.2,16906809344.0,16906809344.0,0.13220601870991266,,0.0,0.0
hard,lawler,1100,0.2,0.8,10,10,1.0,0,0,0,165931.1693,204592.98223999998,19758612.0,24929943.5,16906809344.0,16906809344.0,0.1582616457586628,,0.0,0.0
hard,lawler,1100,0.4,0.6,10,10,1.0,0,0,0,122349.8747,152514.18938,15082513.0,20035659.1,16906809344.0,16906809344.0,0.19359291300006604,,0.0,0.0
hard,szwarc,1100,0.2,0.4,10,10,1.0,0,0,0,315229.36125,389281.73046,31486896.5,36938977.6,11199033344.0,11199283200.0,0.07349666687289222,,0.0,0.0
hard,szwarc,1100,0.2,0.6,10,10,1.0,0,0,0,564346.6931,603135.67764,44630068.0,46942952.3,11199283200.0,11200004096.0,0.08005591778347995,,0.0,0.0
hard,szwarc,1100,0.2,0.8,10,10,1.0,0,0,0,156031.69075,189163.43034,11498270.5,14528869.6,11200004096.0,11200004096.0,0.0971520775162524,,0.0,0.0
hard,szwarc,1100,0.4,0.6,10,10,1.0,0,0,0,257636.54345,280384.87655,17915188.5,19590016.5,11200004096.0,11200004096.0,0.08189044633366316,,0.0,0.0
