n,R,T,config_norm,median_time_ms,solved_rate
50,0.2,0.2,adaptive_v1,0.0664,1.0
50,0.2,0.2,adaptive_v2,0.20884999999999998,1.0
50,0.2,0.2,adaptive_v3,0.20224999999999999,1.0
50,0.2,0.2,both,0.06275,1.0
50,0.2,0.2,lawler,0.06805,1.0
50,0.2,0.2,szwarc,0.21439999999999998,1.0
50,0.2,0.4,adaptive_v1,0.5696,1.0
50,0.2,0.4,adaptive_v2,0.8461000000000001,1.0
50,0.2,0.4,adaptive_v3,0.8495999999999999,1.0
50,0.2,0.4,both,0.49985,1.0
50,0.2,0.4,lawler,0.5644,1.0
50,0.2,0.4,szwarc,0.94265,1.0
50,0.2,0.6,adaptive_v1,1.29615,1.0
50,0.2,0.6,adaptive_v2,1.7360000000000002,1.0
50,0.2,0.6,adaptive_v3,1.73895,1.0
50,0.2,0.6,both,1.0747499999999999,1.0
50,0.2,0.6,lawler,1.2784499999999999,1.0
50,0.2,0.6,szwarc,1.91135,1.0
50,0.2,0.8,adaptive_v1,0.66705,1.0
50,0.2,0.8,adaptive_v2,0.78065,1.0
50,0.2,0.8,adaptive_v3,0.7865,1.0
50,0.2,0.8,both,0.53565,1.0
50,0.2,0.8,lawler,0.68675,1.0
50,0.2,0.8,szwarc,0.8100499999999999,1.0
50,0.4,0.2,adaptive_v1,0.00405,1.0
50,0.4,0.2,adaptive_v2,0.004,1.0
50,0.4,0.2,adaptive_v3,0.00415,1.0
50,0.4,0.2,both,0.00415,1.0
50,0.4,0.2,lawler,0.0040999999999999995,1.0
50,0.4,0.2,szwarc,0.0038,1.0
50,0.4,0.4,adaptive_v1,0.2984,1.0
50,0.4,0.4,adaptive_v2,0.42345,1.0
50,0.4,0.4,adaptive_v3,0.42045,1.0
50,0.4,0.4,both,0.2828,1.0
50,0.4,0.4,lawler,0.29155,1.0
50,0.4,0.4,szwarc,0.6389499999999999,1.0
50,0.4,0.6,adaptive_v1,0.7103999999999999,1.0
50,0.4,0.6,adaptive_v2,0.83225,1.0
50,0.4,0.6,adaptive_v3,0.83445,1.0
50,0.4,0.6,both,0.5943499999999999,1.0
50,0.4,0.6,lawler,0.65435,1.0
50,0.4,0.6,szwarc,0.8902,1.0
50,0.4,0.8,adaptive_v1,0.20534999999999998,1.0
50,0.4,0.8,adaptive_v2,0.2508,1.0
50,0.4,0.8,adaptive_v3,0.25055,1.0
50,0.4,0.8,both,0.16265000000000002,1.0
50,0.4,0.8,lawler,0.19235,1.0
50,0.4,0.8,szwarc,0.25125,1.0
50,0.6,0.2,adaptive_v1,0.0038,1.0
50,0.6,0.2,adaptive_v2,0.0038,1.0
50,0.6,0.2,adaptive_v3,0.0038,1.0
50,0.6,0.2,both,0.0038,1.0
50,0.6,0.2,lawler,0.0037,1.0
50,0.6,0.2,szwarc,0.0037,1.0
50,0.6,0.4,adaptive_v1,0.16875,1.0
50,0.6,0.4,adaptive_v2,0.30510000000000004,1.0
50,0.6,0.4,adaptive_v3,0.3106,1.0
50,0.6,0.4,both,0.1789,1.0
50,0.6,0.4,lawler,0.16699999999999998,1.0
50,0.6,0.4,szwarc,0.3466,1.0
50,0.6,0.6,adaptive_v1,0.3359,1.0
50,0.6,0.6,adaptive_v2,0.48829999999999996,1.0
50,0.6,0.6,adaptive_v3,0.4894,1.0
50,0.6,0.6,both,0.362,1.0
50,0.6,0.6,lawler,0.34704999999999997,1.0
50,0.6,0.6,szwarc,0.5021,1.0
50,0.6,0.8,adaptive_v1,0.127,1.0
50,0.6,0.8,adaptive_v2,0.1373,1.0
50,0.6,0.8,adaptive_v3,0.1401,1.0
50,0.6,0.8,both,0.10744999999999999,1.0
50,0.6,0.8,lawler,0.12409999999999999,1.0
50,0.6,0.8,szwarc,0.12955,1.0
50,0.8,0.2,adaptive_v1,0.0037,1.0
50,0.8,0.2,adaptive_v2,0.0038,1.0
50,0.8,0.2,adaptive_v3,0.00375,1.0
50,0.8,0.2,both,0.0038,1.0
50,0.8,0.2,lawler,0.00365,1.0
50,0.8,0.2,szwarc,0.0038,1.0
50,0.8,0.4,adaptive_v1,0.05595,1.0
50,0.8,0.4,adaptive_v2,0.08895,1.0
50,0.8,0.4,adaptive_v3,0.089,1.0
50,0.8,0.4,both,0.0588,1.0
50,0.8,0.4,lawler,0.059300000000000005,1.0
50,0.8,0.4,szwarc,0.1735,1.0
50,0.8,0.6,adaptive_v1,0.2201,1.0
50,0.8,0.6,adaptive_v2,0.28115,1.0
50,0.8,0.6,adaptive_v3,0.2781,1.0
50,0.8,0.6,both,0.2643,1.0
50,0.8,0.6,lawler,0.2212,1.0
50,0.8,0.6,szwarc,0.34645000000000004,1.0
50,0.8,0.8,adaptive_v1,0.12485000000000002,1.0
50,0.8,0.8,adaptive_v2,0.1526,1.0
50,0.8,0.8,adaptive_v3,0.1411,1.0
50,0.8,0.8,both,0.10055,1.0
50,0.8,0.8,lawler,0.12605,1.0
50,0.8,0.8,szwarc,0.118,1.0
50,1.0,0.2,adaptive_v1,0.0037,1.0
50,1.0,0.2,adaptive_v2,0.0037,1.0
50,1.0,0.2,adaptive_v3,0.0038,1.0
50,1.0,0.2,both,0.00375,1.0
50,1.0,0.2,lawler,0.0038,1.0
50,1.0,0.2,szwarc,0.0037,1.0
50,1.0,0.4,adaptive_v1,0.013750000000000002,1.0
50,1.0,0.4,adaptive_v2,0.0097,1.0
50,1.0,0.4,adaptive_v3,0.0104,1.0
50,1.0,0.4,both,0.011349999999999999,1.0
50,1.0,0.4,lawler,0.010350000000000002,1.0
50,1.0,0.4,szwarc,0.0149,1.0
50,1.0,0.6,adaptive_v1,0.13685,1.0
50,1.0,0.6,adaptive_v2,0.15239999999999998,1.0
50,1.0,0.6,adaptive_v3,0.15610000000000002,1.0
50,1.0,0.6,both,0.13175,1.0
50,1.0,0.6,lawler,0.13965,1.0
50,1.0,0.6,szwarc,0.16820000000000002,1.0
50,1.0,0.8,adaptive_v1,0.1276,1.0
50,1.0,0.8,adaptive_v2,0.12240000000000001,1.0
50,1.0,0.8,adaptive_v3,0.11929999999999999,1.0
50,1.0,0.8,both,0.088,1.0
50,1.0,0.8,lawler,0.11299999999999999,1.0
50,1.0,0.8,szwarc,0.11785,1.0
100,0.2,0.2,adaptive_v1,0.33525,1.0
100,0.2,0.2,adaptive_v2,0.9837,1.0
100,0.2,0.2,adaptive_v3,0.9982,1.0
100,0.2,0.2,both,0.33235000000000003,1.0
100,0.2,0.2,lawler,0.3284,1.0
100,0.2,0.2,szwarc,0.9994,1.0
100,0.2,0.4,adaptive_v1,8.15785,1.0
100,0.2,0.4,adaptive_v2,12.4614,1.0
100,0.2,0.4,adaptive_v3,12.517800000000001,1.0
100,0.2,0.4,both,6.6372,1.0
100,0.2,0.4,lawler,8.085550000000001,1.0
100,0.2,0.4,szwarc,14.744150000000001,1.0
100,0.2,0.6,adaptive_v1,25.04735,1.0
100,0.2,0.6,adaptive_v2,33.206649999999996,1.0
100,0.2,0.6,adaptive_v3,33.26565,1.0
100,0.2,0.6,both,20.9095,1.0
100,0.2,0.6,lawler,24.790950000000002,1.0
100,0.2,0.6,szwarc,39.886250000000004,1.0
100,0.2,0.8,adaptive_v1,9.27475,1.0
100,0.2,0.8,adaptive_v2,13.061350000000001,1.0
100,0.2,0.8,adaptive_v3,12.94555,1.0
100,0.2,0.8,both,7.7618,1.0
100,0.2,0.8,lawler,9.06995,1.0
100,0.2,0.8,szwarc,14.0974,1.0
100,0.4,0.2,adaptive_v1,0.008150000000000001,1.0
100,0.4,0.2,adaptive_v2,0.0123,1.0
100,0.4,0.2,adaptive_v3,0.0084,1.0
100,0.4,0.2,both,0.0101,1.0
100,0.4,0.2,lawler,0.008150000000000001,1.0
100,0.4,0.2,szwarc,0.19145,1.0
100,0.4,0.4,adaptive_v1,1.8444500000000001,1.0
100,0.4,0.4,adaptive_v2,3.1807499999999997,1.0
100,0.4,0.4,adaptive_v3,3.28095,1.0
100,0.4,0.4,both,1.6562000000000001,1.0
100,0.4,0.4,lawler,1.7561,1.0
100,0.4,0.4,szwarc,3.7334,1.0
100,0.4,0.6,adaptive_v1,10.17555,1.0
100,0.4,0.6,adaptive_v2,15.1192,1.0
100,0.4,0.6,adaptive_v3,15.1252,1.0
100,0.4,0.6,both,9.68425,1.0
100,0.4,0.6,lawler,10.04425,1.0
100,0.4,0.6,szwarc,18.812649999999998,1.0
100,0.4,0.8,adaptive_v1,0.7455499999999999,1.0
100,0.4,0.8,adaptive_v2,0.94495,1.0
100,0.4,0.8,adaptive_v3,0.95855,1.0
100,0.4,0.8,both,0.6532,1.0
100,0.4,0.8,lawler,0.7394499999999999,1.0
100,0.4,0.8,szwarc,0.99365,1.0
100,0.6,0.2,adaptive_v1,0.00415,1.0
100,0.6,0.2,adaptive_v2,0.0039,1.0
100,0.6,0.2,adaptive_v3,0.004,1.0
100,0.6,0.2,both,0.004,1.0
100,0.6,0.2,lawler,0.004,1.0
100,0.6,0.2,szwarc,0.0041,1.0
100,0.6,0.4,adaptive_v1,0.45620000000000005,1.0
100,0.6,0.4,adaptive_v2,0.94565,1.0
100,0.6,0.4,adaptive_v3,0.8127500000000001,1.0
100,0.6,0.4,both,0.41975,1.0
100,0.6,0.4,lawler,0.45495,1.0
100,0.6,0.4,szwarc,0.99725,1.0
100,0.6,0.6,adaptive_v1,3.67975,1.0
100,0.6,0.6,adaptive_v2,5.3553999999999995,1.0
100,0.6,0.6,adaptive_v3,5.39595,1.0
100,0.6,0.6,both,3.6271500000000003,1.0
100,0.6,0.6,lawler,3.6800499999999996,1.0
100,0.6,0.6,szwarc,7.4780999999999995,1.0
100,0.6,0.8,adaptive_v1,0.30510000000000004,1.0
100,0.6,0.8,adaptive_v2,0.3546,1.0
100,0.6,0.8,adaptive_v3,0.36685,1.0
100,0.6,0.8,both,0.2491,1.0
100,0.6,0.8,lawler,0.30535,1.0
100,0.6,0.8,szwarc,0.3313,1.0
100,0.8,0.2,adaptive_v1,0.004,1.0
100,0.8,0.2,adaptive_v2,0.00425,1.0
100,0.8,0.2,adaptive_v3,0.004,1.0
100,0.8,0.2,both,0.004,1.0
100,0.8,0.2,lawler,0.00425,1.0
100,0.8,0.2,szwarc,0.0040999999999999995,1.0
100,0.8,0.4,adaptive_v1,0.04725,1.0
100,0.8,0.4,adaptive_v2,0.06055,1.0
100,0.8,0.4,adaptive_v3,0.0612,1.0
100,0.8,0.4,both,0.0507,1.0
100,0.8,0.4,lawler,0.0467,1.0
100,0.8,0.4,szwarc,0.39790000000000003,1.0
100,0.8,0.6,adaptive_v1,1.0428,1.0
100,0.8,0.6,adaptive_v2,1.37825,1.0
100,0.8,0.6,adaptive_v3,1.5224,1.0
100,0.8,0.6,both,1.11195,1.0
100,0.8,0.6,lawler,1.02925,1.0
100,0.8,0.6,szwarc,1.52285,1.0
100,0.8,0.8,adaptive_v1,0.2636,1.0
100,0.8,0.8,adaptive_v2,0.32225000000000004,1.0
100,0.8,0.8,adaptive_v3,0.33394999999999997,1.0
100,0.8,0.8,both,0.21805,1.0
100,0.8,0.8,lawler,0.28095000000000003,1.0
100,0.8,0.8,szwarc,0.2693,1.0
100,1.0,0.2,adaptive_v1,0.0042,1.0
100,1.0,0.2,adaptive_v2,0.0042,1.0
100,1.0,0.2,adaptive_v3,0.00415,1.0
100,1.0,0.2,both,0.00405,1.0
100,1.0,0.2,lawler,0.004399999999999999,1.0
100,1.0,0.2,szwarc,0.00415,1.0
100,1.0,0.4,adaptive_v1,0.0042,1.0
100,1.0,0.4,adaptive_v2,0.0043,1.0
100,1.0,0.4,adaptive_v3,0.005849999999999999,1.0
100,1.0,0.4,both,0.00425,1.0
100,1.0,0.4,lawler,0.005050000000000001,1.0
100,1.0,0.4,szwarc,0.0052499999999999995,1.0
100,1.0,0.6,adaptive_v1,0.36205,1.0
100,1.0,0.6,adaptive_v2,0.5083,1.0
100,1.0,0.6,adaptive_v3,0.5277499999999999,1.0
100,1.0,0.6,both,0.37070000000000003,1.0
100,1.0,0.6,lawler,0.36345,1.0
100,1.0,0.6,szwarc,0.6299999999999999,1.0
100,1.0,0.8,adaptive_v1,0.23695,1.0
100,1.0,0.8,adaptive_v2,0.2994,1.0
100,1.0,0.8,adaptive_v3,0.2993,1.0
100,1.0,0.8,both,0.2121,1.0
100,1.0,0.8,lawler,0.23275,1.0
100,1.0,0.8,szwarc,0.25360000000000005,1.0
200,0.2,0.2,adaptive_v1,4.1171,1.0
200,0.2,0.2,adaptive_v2,8.5372,1.0
200,0.2,0.2,adaptive_v3,8.10185,1.0
200,0.2,0.2,both,3.94215,1.0
200,0.2,0.2,lawler,4.109299999999999,1.0
200,0.2,0.2,szwarc,8.6065,1.0
200,0.2,0.4,adaptive_v1,179.7352,1.0
200,0.2,0.4,adaptive_v2,272.81600000000003,1.0
200,0.2,0.4,adaptive_v3,267.86715000000004,1.0
200,0.2,0.4,both,157.7285,1.0
200,0.2,0.4,lawler,186.4906,1.0
200,0.2,0.4,szwarc,346.85825,1.0
200,0.2,0.6,adaptive_v1,442.69939999999997,1.0
200,0.2,0.6,adaptive_v2,601.2034,1.0
200,0.2,0.6,adaptive_v3,577.4260999999999,1.0
200,0.2,0.6,both,392.77405,1.0
200,0.2,0.6,lawler,434.31460000000004,1.0
200,0.2,0.6,szwarc,772.41445,1.0
200,0.2,0.8,adaptive_v1,164.7031,1.0
200,0.2,0.8,adaptive_v2,226.94065,1.0
200,0.2,0.8,adaptive_v3,222.51545,1.0
200,0.2,0.8,both,157.5053,1.0
200,0.2,0.8,lawler,161.68110000000001,1.0
200,0.2,0.8,szwarc,257.95305,1.0
200,0.4,0.2,adaptive_v1,0.0056,1.0
200,0.4,0.2,adaptive_v2,0.0057,1.0
200,0.4,0.2,adaptive_v3,0.00595,1.0
200,0.4,0.2,both,0.0049,1.0
200,0.4,0.2,lawler,0.0051,1.0
200,0.4,0.2,szwarc,0.005350000000000001,1.0
200,0.4,0.4,adaptive_v1,28.65215,1.0
200,0.4,0.4,adaptive_v2,56.7873,1.0
200,0.4,0.4,adaptive_v3,51.318650000000005,1.0
200,0.4,0.4,both,27.965850000000003,1.0
200,0.4,0.4,lawler,28.704349999999998,1.0
200,0.4,0.4,szwarc,60.282700000000006,1.0
200,0.4,0.6,adaptive_v1,154.3558,1.0
200,0.4,0.6,adaptive_v2,242.954,1.0
200,0.4,0.6,adaptive_v3,242.87545,1.0
200,0.4,0.6,both,138.9644,1.0
200,0.4,0.6,lawler,145.674,1.0
200,0.4,0.6,szwarc,306.58895,1.0
200,0.4,0.8,adaptive_v1,5.838100000000001,1.0
200,0.4,0.8,adaptive_v2,9.3622,1.0
200,0.4,0.8,adaptive_v3,9.2545,1.0
200,0.4,0.8,both,5.79865,1.0
200,0.4,0.8,lawler,5.9253,1.0
200,0.4,0.8,szwarc,9.7872,1.0
200,0.6,0.2,adaptive_v1,0.0056,1.0
200,0.6,0.2,adaptive_v2,0.0049499999999999995,1.0
200,0.6,0.2,adaptive_v3,0.0047,1.0
200,0.6,0.2,both,0.0045,1.0
200,0.6,0.2,lawler,0.00475,1.0
200,0.6,0.2,szwarc,0.0047,1.0
200,0.6,0.4,adaptive_v1,3.13135,1.0
200,0.6,0.4,adaptive_v2,5.872400000000001,1.0
200,0.6,0.4,adaptive_v3,5.12965,1.0
200,0.6,0.4,both,2.7285500000000003,1.0
200,0.6,0.4,lawler,2.91785,1.0
200,0.6,0.4,szwarc,6.1415500000000005,1.0
200,0.6,0.6,adaptive_v1,44.403999999999996,1.0
200,0.6,0.6,adaptive_v2,92.23349999999999,1.0
200,0.6,0.6,adaptive_v3,95.08305,1.0
200,0.6,0.6,both,50.482150000000004,1.0
200,0.6,0.6,lawler,43.469049999999996,1.0
200,0.6,0.6,szwarc,107.34909999999999,1.0
200,0.6,0.8,adaptive_v1,0.7817000000000001,1.0
200,0.6,0.8,adaptive_v2,0.918,1.0
200,0.6,0.8,adaptive_v3,1.03715,1.0
200,0.6,0.8,both,0.6186499999999999,1.0
200,0.6,0.8,lawler,0.80865,1.0
200,0.6,0.8,szwarc,0.8147,1.0
200,0.8,0.2,adaptive_v1,0.0049499999999999995,1.0
200,0.8,0.2,adaptive_v2,0.0049,1.0
200,0.8,0.2,adaptive_v3,0.00475,1.0
200,0.8,0.2,both,0.0045,1.0
200,0.8,0.2,lawler,0.0047,1.0
200,0.8,0.2,szwarc,0.0045,1.0
200,0.8,0.4,adaptive_v1,0.0377,1.0
200,0.8,0.4,adaptive_v2,0.04305,1.0
200,0.8,0.4,adaptive_v3,0.04025,1.0
200,0.8,0.4,both,0.0429,1.0
200,0.8,0.4,lawler,0.03615,1.0
200,0.8,0.4,szwarc,1.07175,1.0
200,0.8,0.6,adaptive_v1,6.791,1.0
200,0.8,0.6,adaptive_v2,10.1657,1.0
200,0.8,0.6,adaptive_v3,10.01225,1.0
200,0.8,0.6,both,7.58295,1.0
200,0.8,0.6,lawler,6.7498000000000005,1.0
200,0.8,0.6,szwarc,12.6095,1.0
200,0.8,0.8,adaptive_v1,0.69095,1.0
200,0.8,0.8,adaptive_v2,0.9669,1.0
200,0.8,0.8,adaptive_v3,0.8736999999999999,1.0
200,0.8,0.8,both,0.5992999999999999,1.0
200,0.8,0.8,lawler,0.68565,1.0
200,0.8,0.8,szwarc,0.7093,1.0
200,1.0,0.2,adaptive_v1,0.0052,1.0
200,1.0,0.2,adaptive_v2,0.0055,1.0
200,1.0,0.2,adaptive_v3,0.0045,1.0
200,1.0,0.2,both,0.00445,1.0
200,1.0,0.2,lawler,0.0046,1.0
200,1.0,0.2,szwarc,0.00465,1.0
200,1.0,0.4,adaptive_v1,0.0047,1.0
200,1.0,0.4,adaptive_v2,0.00475,1.0
200,1.0,0.4,adaptive_v3,0.0047,1.0
200,1.0,0.4,both,0.00445,1.0
200,1.0,0.4,lawler,0.00545,1.0
200,1.0,0.4,szwarc,0.00455,1.0
200,1.0,0.6,adaptive_v1,1.1877,1.0
200,1.0,0.6,adaptive_v2,1.7081499999999998,1.0
200,1.0,0.6,adaptive_v3,1.8027,1.0
200,1.0,0.6,both,1.25245,1.0
200,1.0,0.6,lawler,1.16315,1.0
200,1.0,0.6,szwarc,1.94875,1.0
200,1.0,0.8,adaptive_v1,0.6271,1.0
200,1.0,0.8,adaptive_v2,0.7965,1.0
200,1.0,0.8,adaptive_v3,0.86,1.0
200,1.0,0.8,both,0.5458000000000001,1.0
200,1.0,0.8,lawler,0.6085,1.0
200,1.0,0.8,szwarc,0.6954,1.0
300,0.2,0.2,adaptive_v1,24.12795,1.0
300,0.2,0.2,adaptive_v2,47.7732,1.0
300,0.2,0.2,adaptive_v3,44.3388,1.0
300,0.2,0.2,both,21.315350000000002,1.0
300,0.2,0.2,lawler,25.18065,1.0
300,0.2,0.2,szwarc,50.0989,1.0
300,0.2,0.4,adaptive_v1,929.9793,1.0
300,0.2,0.4,adaptive_v2,1307.17865,1.0
300,0.2,0.4,adaptive_v3,1186.3593999999998,1.0
300,0.2,0.4,both,878.27205,1.0
300,0.2,0.4,lawler,940.60075,1.0
300,0.2,0.4,szwarc,2176.58135,1.0
300,0.2,0.6,adaptive_v1,2246.8044,1.0
300,0.2,0.6,adaptive_v2,2693.8518999999997,1.0
300,0.2,0.6,adaptive_v3,2407.932,1.0
300,0.2,0.6,both,2079.0824000000002,1.0
300,0.2,0.6,lawler,2237.6884,1.0
300,0.2,0.6,szwarc,3416.3620499999997,1.0
300,0.2,0.8,adaptive_v1,540.51655,1.0
300,0.2,0.8,adaptive_v2,789.6866,1.0
300,0.2,0.8,adaptive_v3,774.7647,1.0
300,0.2,0.8,both,617.83285,1.0
300,0.2,0.8,lawler,539.7189000000001,1.0
300,0.2,0.8,szwarc,1035.98265,1.0
300,0.4,0.2,adaptive_v1,0.006,1.0
300,0.4,0.2,adaptive_v2,0.0056,1.0
300,0.4,0.2,adaptive_v3,0.0124,1.0
300,0.4,0.2,both,0.00655,1.0
300,0.4,0.2,lawler,0.0054,1.0
300,0.4,0.2,szwarc,0.0062,1.0
300,0.4,0.4,adaptive_v1,155.52280000000002,1.0
300,0.4,0.4,adaptive_v2,358.95245,1.0
300,0.4,0.4,adaptive_v3,311.01135,1.0
300,0.4,0.4,both,173.62709999999998,1.0
300,0.4,0.4,lawler,156.02465,1.0
300,0.4,0.4,szwarc,484.68105,1.0
300,0.4,0.6,adaptive_v1,471.25155,1.0
300,0.4,0.6,adaptive_v2,1016.3931499999999,1.0
300,0.4,0.6,adaptive_v3,949.961,1.0
300,0.4,0.6,both,540.361,1.0
300,0.4,0.6,lawler,460.30089999999996,1.0
300,0.4,0.6,szwarc,1261.6335,1.0
300,0.4,0.8,adaptive_v1,4.72445,1.0
300,0.4,0.8,adaptive_v2,6.561450000000001,1.0
300,0.4,0.8,adaptive_v3,6.939349999999999,1.0
300,0.4,0.8,both,4.9829,1.0
300,0.4,0.8,lawler,4.985250000000001,1.0
300,0.4,0.8,szwarc,7.6525,1.0
300,0.6,0.2,adaptive_v1,0.0052,1.0
300,0.6,0.2,adaptive_v2,0.0052,1.0
300,0.6,0.2,adaptive_v3,0.0055,1.0
300,0.6,0.2,both,0.0059,1.0
300,0.6,0.2,lawler,0.0057,1.0
300,0.6,0.2,szwarc,0.005350000000000001,1.0
300,0.6,0.4,adaptive_v1,11.4164,1.0
300,0.6,0.4,adaptive_v2,25.40955,1.0
300,0.6,0.4,adaptive_v3,24.786949999999997,1.0
300,0.6,0.4,both,11.9864,1.0
300,0.6,0.4,lawler,11.53965,1.0
300,0.6,0.4,szwarc,27.5246,1.0
300,0.6,0.6,adaptive_v1,128.78485,1.0
300,0.6,0.6,adaptive_v2,311.8923,1.0
300,0.6,0.6,adaptive_v3,313.01765,1.0
300,0.6,0.6,both,184.20105,1.0
300,0.6,0.6,lawler,130.8252,1.0
300,0.6,0.6,szwarc,388.2738,1.0
300,0.6,0.8,adaptive_v1,1.2166000000000001,1.0
300,0.6,0.8,adaptive_v2,1.5819999999999999,1.0
300,0.6,0.8,adaptive_v3,1.55995,1.0
300,0.6,0.8,both,0.9015500000000001,1.0
300,0.6,0.8,lawler,1.20315,1.0
300,0.6,0.8,szwarc,1.1175000000000002,1.0
300,0.8,0.2,adaptive_v1,0.0056,1.0
300,0.8,0.2,adaptive_v2,0.0074,1.0
300,0.8,0.2,adaptive_v3,0.0052499999999999995,1.0
300,0.8,0.2,both,0.005350000000000001,1.0
300,0.8,0.2,lawler,0.005549999999999999,1.0
300,0.8,0.2,szwarc,0.0055,1.0
300,0.8,0.4,adaptive_v1,0.07035,1.0
300,0.8,0.4,adaptive_v2,0.20895,1.0
300,0.8,0.4,adaptive_v3,0.22815,1.0
300,0.8,0.4,both,0.08365,1.0
300,0.8,0.4,lawler,0.07244999999999999,1.0
300,0.8,0.4,szwarc,2.2167000000000003,1.0
300,0.8,0.6,adaptive_v1,21.764899999999997,1.0
300,0.8,0.6,adaptive_v2,38.56685,1.0
300,0.8,0.6,adaptive_v3,39.6846,1.0
300,0.8,0.6,both,29.586550000000003,1.0
300,0.8,0.6,lawler,20.7957,1.0
300,0.8,0.6,szwarc,47.098749999999995,1.0
300,0.8,0.8,adaptive_v1,1.0877,1.0
300,0.8,0.8,adaptive_v2,1.3864,1.0
300,0.8,0.8,adaptive_v3,1.45525,1.0
300,0.8,0.8,both,0.92205,1.0
300,0.8,0.8,lawler,1.0518999999999998,1.0
300,0.8,0.8,szwarc,1.0082499999999999,1.0
300,1.0,0.2,adaptive_v1,0.006699999999999999,1.0
300,1.0,0.2,adaptive_v2,0.00655,1.0
300,1.0,0.2,adaptive_v3,0.0052,1.0
300,1.0,0.2,both,0.006200000000000001,1.0
300,1.0,0.2,lawler,0.005549999999999999,1.0
300,1.0,0.2,szwarc,0.0063999999999999994,1.0
300,1.0,0.4,adaptive_v1,0.00565,1.0
300,1.0,0.4,adaptive_v2,0.005350000000000001,1.0
300,1.0,0.4,adaptive_v3,0.0055,1.0
300,1.0,0.4,both,0.00515,1.0
300,1.0,0.4,lawler,0.0054,1.0
300,1.0,0.4,szwarc,0.0053,1.0
300,1.0,0.6,adaptive_v1,1.63925,1.0
300,1.0,0.6,adaptive_v2,2.25415,1.0
300,1.0,0.6,adaptive_v3,2.41725,1.0
300,1.0,0.6,both,1.7796,1.0
300,1.0,0.6,lawler,1.59435,1.0
300,1.0,0.6,szwarc,2.7941000000000003,1.0
300,1.0,0.8,adaptive_v1,0.9828,1.0
300,1.0,0.8,adaptive_v2,1.3885,1.0
300,1.0,0.8,adaptive_v3,1.4289,1.0
300,1.0,0.8,both,0.9449,1.0
300,1.0,0.8,lawler,0.97795,1.0
300,1.0,0.8,szwarc,1.0909,1.0
400,0.2,0.2,adaptive_v1,55.07325,1.0
400,0.2,0.2,adaptive_v2,94.28460000000001,1.0
400,0.2,0.2,adaptive_v3,87.7698,1.0
400,0.2,0.2,both,48.1699,1.0
400,0.2,0.2,lawler,53.71425,1.0
400,0.2,0.2,szwarc,116.2856,1.0
400,0.2,0.4,adaptive_v1,2904.9128,1.0
400,0.2,0.4,adaptive_v2,3542.9762,1.0
400,0.2,0.4,adaptive_v3,3163.38575,1.0
400,0.2,0.4,both,2493.51915,1.0
400,0.2,0.4,lawler,2896.3241500000004,1.0
400,0.2,0.4,szwarc,6071.63005,1.0
400,0.2,0.6,adaptive_v1,7809.2661,1.0
400,0.2,0.6,adaptive_v2,8873.0753,1.0
400,0.2,0.6,adaptive_v3,7392.8885,1.0
400,0.2,0.6,both,7204.73085,1.0
400,0.2,0.6,lawler,7782.18485,1.0
400,0.2,0.6,szwarc,13502.279050000001,1.0
400,0.2,0.8,adaptive_v1,2550.06685,1.0
400,0.2,0.8,adaptive_v2,3243.7595499999998,1.0
400,0.2,0.8,adaptive_v3,3024.9395,1.0
400,0.2,0.8,both,2759.6473,1.0
400,0.2,0.8,lawler,2603.1292,1.0
400,0.2,0.8,szwarc,4688.60105,1.0
400,0.4,0.2,adaptive_v1,0.0069,1.0
400,0.4,0.2,adaptive_v2,0.00605,1.0
400,0.4,0.2,adaptive_v3,0.0072,1.0
400,0.4,0.2,both,0.00605,1.0
400,0.4,0.2,lawler,0.006200000000000001,1.0
400,0.4,0.2,szwarc,0.006,1.0
400,0.4,0.4,adaptive_v1,316.62175,1.0
400,0.4,0.4,adaptive_v2,631.22765,1.0
400,0.4,0.4,adaptive_v3,531.63905,1.0
400,0.4,0.4,both,336.0327,1.0
400,0.4,0.4,lawler,311.5511,1.0
400,0.4,0.4,szwarc,891.11075,1.0
400,0.4,0.6,adaptive_v1,2166.9484,1.0
400,0.4,0.6,adaptive_v2,3767.84935,1.0
400,0.4,0.6,adaptive_v3,3437.73315,1.0
400,0.4,0.6,both,2513.51825,1.0
400,0.4,0.6,lawler,2162.2559499999998,1.0
400,0.4,0.6,szwarc,5765.0225,1.0
400,0.4,0.8,adaptive_v1,16.16435,1.0
400,0.4,0.8,adaptive_v2,29.4713,1.0
400,0.4,0.8,adaptive_v3,28.84195,1.0
400,0.4,0.8,both,20.27815,1.0
400,0.4,0.8,lawler,15.2343,1.0
400,0.4,0.8,szwarc,35.57155,1.0
400,0.6,0.2,adaptive_v1,0.006500000000000001,1.0
400,0.6,0.2,adaptive_v2,0.0059,1.0
400,0.6,0.2,adaptive_v3,0.00595,1.0
400,0.6,0.2,both,0.00645,1.0
400,0.6,0.2,lawler,0.00605,1.0
400,0.6,0.2,szwarc,0.00605,1.0
400,0.6,0.4,adaptive_v1,26.918100000000003,1.0
400,0.6,0.4,adaptive_v2,51.06595,1.0
400,0.6,0.4,adaptive_v3,45.8934,1.0
400,0.6,0.4,both,26.22285,1.0
400,0.6,0.4,lawler,25.894750000000002,1.0
400,0.6,0.4,szwarc,60.74715,1.0
400,0.6,0.6,adaptive_v1,552.25385,1.0
400,0.6,0.6,adaptive_v2,1499.6027,1.0
400,0.6,0.6,adaptive_v3,1465.0943000000002,1.0
400,0.6,0.6,both,799.77475,1.0
400,0.6,0.6,lawler,549.18605,1.0
400,0.6,0.6,szwarc,1767.79675,1.0
400,0.6,0.8,adaptive_v1,2.057,1.0
400,0.6,0.8,adaptive_v2,2.4729,1.0
400,0.6,0.8,adaptive_v3,2.614,1.0
400,0.6,0.8,both,1.4945,1.0
400,0.6,0.8,lawler,1.9695,1.0
400,0.6,0.8,szwarc,1.70945,1.0
400,0.8,0.2,adaptive_v1,0.007,1.0
400,0.8,0.2,adaptive_v2,0.0063999999999999994,1.0
400,0.8,0.2,adaptive_v3,0.00615,1.0
400,0.8,0.2,both,0.00645,1.0
400,0.8,0.2,lawler,0.0067,1.0
400,0.8,0.2,szwarc,0.0063,1.0
400,0.8,0.4,adaptive_v1,0.0077,1.0
400,0.8,0.4,adaptive_v2,0.008150000000000001,1.0
400,0.8,0.4,adaptive_v3,0.008,1.0
400,0.8,0.4,both,0.00795,1.0
400,0.8,0.4,lawler,0.00685,1.0
400,0.8,0.4,szwarc,0.00695,1.0
400,0.8,0.6,adaptive_v1,65.5406,1.0
400,0.8,0.6,adaptive_v2,153.0943,1.0
400,0.8,0.6,adaptive_v3,155.9213,1.0
400,0.8,0.6,both,88.61555,1.0
400,0.8,0.6,lawler,64.62865,1.0
400,0.8,0.6,szwarc,191.5858,1.0
400,0.8,0.8,adaptive_v1,1.8167,1.0
400,0.8,0.8,adaptive_v2,2.4053,1.0
400,0.8,0.8,adaptive_v3,2.38295,1.0
400,0.8,0.8,both,1.5625,1.0
400,0.8,0.8,lawler,1.7915,1.0
400,0.8,0.8,szwarc,1.7304,1.0
400,1.0,0.2,adaptive_v1,0.00625,1.0
400,1.0,0.2,adaptive_v2,0.00745,1.0
400,1.0,0.2,adaptive_v3,0.00715,1.0
400,1.0,0.2,both,0.006,1.0
400,1.0,0.2,lawler,0.00595,1.0
400,1.0,0.2,szwarc,0.0065,1.0
400,1.0,0.4,adaptive_v1,0.0063,1.0
400,1.0,0.4,adaptive_v2,0.0072,1.0
400,1.0,0.4,adaptive_v3,0.00625,1.0
400,1.0,0.4,both,0.00665,1.0
400,1.0,0.4,lawler,0.00575,1.0
400,1.0,0.4,szwarc,0.0063,1.0
400,1.0,0.6,adaptive_v1,2.7908,1.0
400,1.0,0.6,adaptive_v2,4.162000000000001,1.0
400,1.0,0.6,adaptive_v3,4.18935,1.0
400,1.0,0.6,both,3.02455,1.0
400,1.0,0.6,lawler,2.78925,1.0
400,1.0,0.6,szwarc,4.66395,1.0
400,1.0,0.8,adaptive_v1,1.633,1.0
400,1.0,0.8,adaptive_v2,2.2302999999999997,1.0
400,1.0,0.8,adaptive_v3,2.2559,1.0
400,1.0,0.8,both,1.5678,1.0
400,1.0,0.8,lawler,1.6099999999999999,1.0
400,1.0,0.8,szwarc,1.7922500000000001,1.0
500,0.2,0.2,adaptive_v1,146.92964999999998,1.0
500,0.2,0.2,adaptive_v2,232.0487,1.0
500,0.2,0.2,adaptive_v3,215.10625,1.0
500,0.2,0.2,both,129.88615,1.0
500,0.2,0.2,lawler,145.28915,1.0
500,0.2,0.2,szwarc,290.57655,1.0
500,0.2,0.4,adaptive_v1,8760.23085,1.0
500,0.2,0.4,adaptive_v2,10514.7127,1.0
500,0.2,0.4,adaptive_v3,8579.36955,1.0
500,0.2,0.4,both,8700.97055,1.0
500,0.2,0.4,lawler,8770.65335,1.0
500,0.2,0.4,szwarc,19441.4983,1.0
500,0.2,0.6,adaptive_v1,20032.8494,1.0
500,0.2,0.6,adaptive_v2,21875.092299999997,1.0
500,0.2,0.6,adaptive_v3,18387.565300000002,1.0
500,0.2,0.6,both,20154.6063,1.0
500,0.2,0.6,lawler,20102.18105,1.0
500,0.2,0.6,szwarc,35359.92765,1.0
500,0.2,0.8,adaptive_v1,6469.5107,1.0
500,0.2,0.8,adaptive_v2,7566.2248,1.0
500,0.2,0.8,adaptive_v3,6483.66135,1.0
500,0.2,0.8,both,5906.0854500000005,1.0
500,0.2,0.8,lawler,6465.76245,1.0
500,0.2,0.8,szwarc,9148.9266,1.0
500,0.4,0.2,adaptive_v1,0.0174,1.0
500,0.4,0.2,adaptive_v2,0.02275,1.0
500,0.4,0.2,adaptive_v3,0.0174,1.0
500,0.4,0.2,both,0.02185,1.0
500,0.4,0.2,lawler,0.015099999999999999,1.0
500,0.4,0.2,szwarc,2.4839,1.0
500,0.4,0.4,adaptive_v1,1383.2321000000002,1.0
500,0.4,0.4,adaptive_v2,2133.0689,1.0
500,0.4,0.4,adaptive_v3,1921.73165,1.0
500,0.4,0.4,both,1397.86455,1.0
500,0.4,0.4,lawler,1378.82385,1.0
500,0.4,0.4,szwarc,3578.0460000000003,1.0
500,0.4,0.6,adaptive_v1,5932.10265,1.0
500,0.4,0.6,adaptive_v2,9146.9462,1.0
500,0.4,0.6,adaptive_v3,7607.16665,1.0
500,0.4,0.6,both,6844.6471,1.0
500,0.4,0.6,lawler,5931.9755000000005,1.0
500,0.4,0.6,szwarc,14076.969949999999,1.0
500,0.4,0.8,adaptive_v1,28.860400000000002,1.0
500,0.4,0.8,adaptive_v2,54.496,1.0
500,0.4,0.8,adaptive_v3,56.75785,1.0
500,0.4,0.8,both,36.8781,1.0
500,0.4,0.8,lawler,29.4313,1.0
500,0.4,0.8,szwarc,64.20599999999999,1.0
500,0.6,0.2,adaptive_v1,0.0071,1.0
500,0.6,0.2,adaptive_v2,0.00695,1.0
500,0.6,0.2,adaptive_v3,0.0061,1.0
500,0.6,0.2,both,0.0071,1.0
500,0.6,0.2,lawler,0.00705,1.0
500,0.6,0.2,szwarc,0.00695,1.0
500,0.6,0.4,adaptive_v1,80.81535,1.0
500,0.6,0.4,adaptive_v2,209.9179,1.0
500,0.6,0.4,adaptive_v3,187.8519,1.0
500,0.6,0.4,both,104.3721,1.0
500,0.6,0.4,lawler,79.88855,1.0
500,0.6,0.4,szwarc,235.53270000000003,1.0
500,0.6,0.6,adaptive_v1,1307.2111,1.0
500,0.6,0.6,adaptive_v2,3618.26525,1.0
500,0.6,0.6,adaptive_v3,3283.3824999999997,1.0
500,0.6,0.6,both,2112.97595,1.0
500,0.6,0.6,lawler,1299.2269000000001,1.0
500,0.6,0.6,szwarc,4573.52075,1.0
500,0.6,0.8,adaptive_v1,2.96895,1.0
500,0.6,0.8,adaptive_v2,3.81595,1.0
500,0.6,0.8,adaptive_v3,3.701,1.0
500,0.6,0.8,both,2.13255,1.0
500,0.6,0.8,lawler,2.91155,1.0
500,0.6,0.8,szwarc,2.7101,1.0
500,0.8,0.2,adaptive_v1,0.007549999999999999,1.0
500,0.8,0.2,adaptive_v2,0.0068,1.0
500,0.8,0.2,adaptive_v3,0.00745,1.0
500,0.8,0.2,both,0.00795,1.0
500,0.8,0.2,lawler,0.0067,1.0
500,0.8,0.2,szwarc,0.0076,1.0
500,0.8,0.4,adaptive_v1,0.060149999999999995,1.0
500,0.8,0.4,adaptive_v2,0.08265,1.0
500,0.8,0.4,adaptive_v3,0.0735,1.0
500,0.8,0.4,both,0.07185,1.0
500,0.8,0.4,lawler,0.0621,1.0
500,0.8,0.4,szwarc,4.96235,1.0
500,0.8,0.6,adaptive_v1,51.93545,1.0
500,0.8,0.6,adaptive_v2,118.7619,1.0
500,0.8,0.6,adaptive_v3,138.8826,1.0
500,0.8,0.6,both,80.3048,1.0
500,0.8,0.6,lawler,51.713300000000004,1.0
500,0.8,0.6,szwarc,151.42885,1.0
500,0.8,0.8,adaptive_v1,2.6003,1.0
500,0.8,0.8,adaptive_v2,3.5172499999999998,1.0
500,0.8,0.8,adaptive_v3,3.49795,1.0
500,0.8,0.8,both,2.1984500000000002,1.0
500,0.8,0.8,lawler,2.50895,1.0
500,0.8,0.8,szwarc,2.4946,1.0
500,1.0,0.2,adaptive_v1,0.00685,1.0
500,1.0,0.2,adaptive_v2,0.007,1.0
500,1.0,0.2,adaptive_v3,0.006699999999999999,1.0
500,1.0,0.2,both,0.0074,1.0
500,1.0,0.2,lawler,0.0066,1.0
500,1.0,0.2,szwarc,0.00715,1.0
500,1.0,0.4,adaptive_v1,0.0066,1.0
500,1.0,0.4,adaptive_v2,0.0067,1.0
500,1.0,0.4,adaptive_v3,0.0066,1.0
500,1.0,0.4,both,0.0069,1.0
500,1.0,0.4,lawler,0.00715,1.0
500,1.0,0.4,szwarc,0.006999999999999999,1.0
500,1.0,0.6,adaptive_v1,3.49805,1.0
500,1.0,0.6,adaptive_v2,4.96035,1.0
500,1.0,0.6,adaptive_v3,4.8706,1.0
500,1.0,0.6,both,3.6960499999999996,1.0
500,1.0,0.6,lawler,3.26715,1.0
500,1.0,0.6,szwarc,5.0944,1.0
500,1.0,0.8,adaptive_v1,2.2808,1.0
500,1.0,0.8,adaptive_v2,3.3287,1.0
500,1.0,0.8,adaptive_v3,3.34965,1.0
500,1.0,0.8,both,2.1583,1.0
500,1.0,0.8,lawler,2.2268499999999998,1.0
500,1.0,0.8,szwarc,2.39945,1.0
600,0.2,0.2,adaptive_v1,378.23875,1.0
600,0.2,0.2,adaptive_v2,591.3680999999999,1.0
600,0.2,0.2,adaptive_v3,556.0002999999999,1.0
600,0.2,0.2,both,346.51914999999997,1.0
600,0.2,0.2,lawler,377.65625,1.0
600,0.2,0.2,szwarc,854.76625,1.0
600,0.2,0.4,adaptive_v1,14462.275450000001,1.0
600,0.2,0.4,adaptive_v2,17628.063349999997,1.0
600,0.2,0.4,adaptive_v3,14030.478650000001,1.0
600,0.2,0.4,both,14012.3349,1.0
600,0.2,0.4,lawler,14729.6065,1.0
600,0.2,0.4,szwarc,32055.983099999998,1.0
600,0.2,0.6,adaptive_v1,33369.7282,1.0
600,0.2,0.6,adaptive_v2,36731.26425,1.0
600,0.2,0.6,adaptive_v3,29627.9294,1.0
600,0.2,0.6,both,33108.16855,1.0
600,0.2,0.6,lawler,33465.25035,1.0
600,0.2,0.6,szwarc,58458.7897,1.0
600,0.2,0.8,adaptive_v1,13338.466250000001,1.0
600,0.2,0.8,adaptive_v2,16082.0839,1.0
600,0.2,0.8,adaptive_v3,12962.880000000001,1.0
600,0.2,0.8,both,12751.44635,1.0
600,0.2,0.8,lawler,13324.10545,1.0
600,0.2,0.8,szwarc,17311.49675,1.0
600,0.4,0.2,adaptive_v1,0.0257,1.0
600,0.4,0.2,adaptive_v2,0.030449999999999998,1.0
600,0.4,0.2,adaptive_v3,0.03315,1.0
600,0.4,0.2,both,0.03075,1.0
600,0.4,0.2,lawler,0.02685,1.0
600,0.4,0.2,szwarc,6.4839,1.0
600,0.4,0.4,adaptive_v1,2237.0793,1.0
600,0.4,0.4,adaptive_v2,3487.31615,1.0
600,0.4,0.4,adaptive_v3,2954.58995,1.0
600,0.4,0.4,both,2393.7778500000004,1.0
600,0.4,0.4,lawler,2218.3439,1.0
600,0.4,0.4,szwarc,5989.28455,1.0
600,0.4,0.6,adaptive_v1,9992.45895,1.0
600,0.4,0.6,adaptive_v2,15364.5283,1.0
600,0.4,0.6,adaptive_v3,12711.041949999999,1.0
600,0.4,0.6,both,11968.67815,1.0
600,0.4,0.6,lawler,9975.894400000001,1.0
600,0.4,0.6,szwarc,23289.648549999998,1.0
600,0.4,0.8,adaptive_v1,48.405750000000005,1.0
600,0.4,0.8,adaptive_v2,102.64410000000001,1.0
600,0.4,0.8,adaptive_v3,100.32695,1.0
600,0.4,0.8,both,66.6011,1.0
600,0.4,0.8,lawler,47.869150000000005,1.0
600,0.4,0.8,szwarc,130.01965,1.0
600,0.6,0.2,adaptive_v1,0.007350000000000001,1.0
600,0.6,0.2,adaptive_v2,0.00685,1.0
600,0.6,0.2,adaptive_v3,0.0069,1.0
600,0.6,0.2,both,0.007350000000000001,1.0
600,0.6,0.2,lawler,0.00775,1.0
600,0.6,0.2,szwarc,0.00695,1.0
600,0.6,0.4,adaptive_v1,149.01175,1.0
600,0.6,0.4,adaptive_v2,295.03094999999996,1.0
600,0.6,0.4,adaptive_v3,281.39475000000004,1.0
600,0.6,0.4,both,180.8779,1.0
600,0.6,0.4,lawler,152.5727,1.0
600,0.6,0.4,szwarc,386.70075,1.0
600,0.6,0.6,adaptive_v1,2293.8540000000003,1.0
600,0.6,0.6,adaptive_v2,5659.8199,1.0
600,0.6,0.6,adaptive_v3,5112.614299999999,1.0
600,0.6,0.6,both,2959.07715,1.0
600,0.6,0.6,lawler,2285.46625,1.0
600,0.6,0.6,szwarc,7547.1521999999995,1.0
600,0.6,0.8,adaptive_v1,3.7558,1.0
600,0.6,0.8,adaptive_v2,4.94585,1.0
600,0.6,0.8,adaptive_v3,5.10435,1.0
600,0.6,0.8,both,2.76775,1.0
600,0.6,0.8,lawler,3.7918,1.0
600,0.6,0.8,szwarc,3.2295,1.0
600,0.8,0.2,adaptive_v1,0.0081,1.0
600,0.8,0.2,adaptive_v2,0.008799999999999999,1.0
600,0.8,0.2,adaptive_v3,0.0078000000000000005,1.0
600,0.8,0.2,both,0.008,1.0
600,0.8,0.2,lawler,0.00735,1.0
600,0.8,0.2,szwarc,0.007549999999999999,1.0
600,0.8,0.4,adaptive_v1,0.05115,1.0
600,0.8,0.4,adaptive_v2,0.065,1.0
600,0.8,0.4,adaptive_v3,0.07,1.0
600,0.8,0.4,both,0.0658,1.0
600,0.8,0.4,lawler,0.0524,1.0
600,0.8,0.4,szwarc,6.8576999999999995,1.0
600,0.8,0.6,adaptive_v1,148.46820000000002,1.0
600,0.8,0.6,adaptive_v2,450.0674,1.0
600,0.8,0.6,adaptive_v3,428.802,1.0
600,0.8,0.6,both,275.5037,1.0
600,0.8,0.6,lawler,147.01344999999998,1.0
600,0.8,0.6,szwarc,477.78090000000003,1.0
600,0.8,0.8,adaptive_v1,3.28155,1.0
600,0.8,0.8,adaptive_v2,4.632,1.0
600,0.8,0.8,adaptive_v3,4.7334499999999995,1.0
600,0.8,0.8,both,2.79705,1.0
600,0.8,0.8,lawler,3.148,1.0
600,0.8,0.8,szwarc,2.9156500000000003,1.0
600,1.0,0.2,adaptive_v1,0.0075,1.0
600,1.0,0.2,adaptive_v2,0.0079,1.0
600,1.0,0.2,adaptive_v3,0.00745,1.0
600,1.0,0.2,both,0.00795,1.0
600,1.0,0.2,lawler,0.0072499999999999995,1.0
600,1.0,0.2,szwarc,0.00765,1.0
600,1.0,0.4,adaptive_v1,0.0074,1.0
600,1.0,0.4,adaptive_v2,0.0074,1.0
600,1.0,0.4,adaptive_v3,0.0075,1.0
600,1.0,0.4,both,0.00775,1.0
600,1.0,0.4,lawler,0.007549999999999999,1.0
600,1.0,0.4,szwarc,0.00875,1.0
600,1.0,0.6,adaptive_v1,4.3292,1.0
600,1.0,0.6,adaptive_v2,7.454549999999999,1.0
600,1.0,0.6,adaptive_v3,7.222300000000001,1.0
600,1.0,0.6,both,5.4074,1.0
600,1.0,0.6,lawler,4.344799999999999,1.0
600,1.0,0.6,szwarc,7.60065,1.0
600,1.0,0.8,adaptive_v1,2.9092000000000002,1.0
600,1.0,0.8,adaptive_v2,4.4971,1.0
600,1.0,0.8,adaptive_v3,4.6197,1.0
600,1.0,0.8,both,2.9693500000000004,1.0
600,1.0,0.8,lawler,2.92115,1.0
600,1.0,0.8,szwarc,3.17085,1.0
700,0.2,0.2,adaptive_v1,487.54575,1.0
700,0.2,0.2,adaptive_v2,882.44805,1.0
700,0.2,0.2,adaptive_v3,795.59635,1.0
700,0.2,0.2,both,483.65875,1.0
700,0.2,0.2,lawler,499.11514999999997,1.0
700,0.2,0.2,szwarc,1186.3274000000001,1.0
700,0.2,0.4,adaptive_v1,26632.4574,1.0
700,0.2,0.4,adaptive_v2,32831.07355,1.0
700,0.2,0.4,adaptive_v3,24591.139,1.0
700,0.2,0.4,both,27592.53695,1.0
700,0.2,0.4,lawler,27011.0828,1.0
700,0.2,0.4,szwarc,63222.9331,1.0
700,0.2,0.6,adaptive_v1,69010.2003,1.0
700,0.2,0.6,adaptive_v2,72354.52755,1.0
700,0.2,0.6,adaptive_v3,54862.647150000004,1.0
700,0.2,0.6,both,71870.7481,1.0
700,0.2,0.6,lawler,70044.52395,1.0
700,0.2,0.6,szwarc,112981.1472,1.0
700,0.2,0.8,adaptive_v1,25233.0539,1.0
700,0.2,0.8,adaptive_v2,31898.63065,1.0
700,0.2,0.8,adaptive_v3,24442.77775,1.0
700,0.2,0.8,both,25011.959600000002,1.0
700,0.2,0.8,lawler,25671.877249999998,1.0
700,0.2,0.8,szwarc,34950.27335,1.0
700,0.4,0.2,adaptive_v1,0.0131,1.0
700,0.4,0.2,adaptive_v2,0.0093,1.0
700,0.4,0.2,adaptive_v3,0.009850000000000001,1.0
700,0.4,0.2,both,0.0126,1.0
700,0.4,0.2,lawler,0.0123,1.0
700,0.4,0.2,szwarc,0.01085,1.0
700,0.4,0.4,adaptive_v1,3903.16675,1.0
700,0.4,0.4,adaptive_v2,6751.92575,1.0
700,0.4,0.4,adaptive_v3,5201.5767,1.0
700,0.4,0.4,both,4474.05,1.0
700,0.4,0.4,lawler,3965.3601,1.0
700,0.4,0.4,szwarc,11066.433949999999,1.0
700,0.4,0.6,adaptive_v1,19370.394249999998,1.0
700,0.4,0.6,adaptive_v2,28380.0896,1.0
700,0.4,0.6,adaptive_v3,22093.9795,1.0
700,0.4,0.6,both,23861.2834,1.0
700,0.4,0.6,lawler,19614.38235,1.0
700,0.4,0.6,szwarc,46880.6657,1.0
700,0.4,0.8,adaptive_v1,67.986,1.0
700,0.4,0.8,adaptive_v2,169.2167,1.0
700,0.4,0.8,adaptive_v3,167.42945,1.0
700,0.4,0.8,both,103.2543,1.0
700,0.4,0.8,lawler,70.12305,1.0
700,0.4,0.8,szwarc,209.4694,1.0
700,0.6,0.2,adaptive_v1,0.0078000000000000005,1.0
700,0.6,0.2,adaptive_v2,0.00855,1.0
700,0.6,0.2,adaptive_v3,0.00825,1.0
700,0.6,0.2,both,0.009850000000000001,1.0
700,0.6,0.2,lawler,0.00825,1.0
700,0.6,0.2,szwarc,0.008400000000000001,1.0
700,0.6,0.4,adaptive_v1,188.48805,1.0
700,0.6,0.4,adaptive_v2,523.8258000000001,1.0
700,0.6,0.4,adaptive_v3,488.6454,1.0
700,0.6,0.4,both,275.172,1.0
700,0.6,0.4,lawler,192.2275,1.0
700,0.6,0.4,szwarc,610.11935,1.0
700,0.6,0.6,adaptive_v1,3221.6922000000004,1.0
700,0.6,0.6,adaptive_v2,10084.95505,1.0
700,0.6,0.6,adaptive_v3,8644.89585,1.0
700,0.6,0.6,both,6070.741,1.0
700,0.6,0.6,lawler,3243.52005,1.0
700,0.6,0.6,szwarc,12538.17365,1.0
700,0.6,0.8,adaptive_v1,4.539,1.0
700,0.6,0.8,adaptive_v2,5.9765999999999995,1.0
700,0.6,0.8,adaptive_v3,6.03815,1.0
700,0.6,0.8,both,3.33125,1.0
700,0.6,0.8,lawler,4.62025,1.0
700,0.6,0.8,szwarc,3.77725,1.0
700,0.8,0.2,adaptive_v1,0.007949999999999999,1.0
700,0.8,0.2,adaptive_v2,0.0077,1.0
700,0.8,0.2,adaptive_v3,0.008199999999999999,1.0
700,0.8,0.2,both,0.0077,1.0
700,0.8,0.2,lawler,0.00945,1.0
700,0.8,0.2,szwarc,0.00795,1.0
700,0.8,0.4,adaptive_v1,0.05315,1.0
700,0.8,0.4,adaptive_v2,0.0633,1.0
700,0.8,0.4,adaptive_v3,0.0616,1.0
700,0.8,0.4,both,0.06615,1.0
700,0.8,0.4,lawler,0.05495,1.0
700,0.8,0.4,szwarc,8.81055,1.0
700,0.8,0.6,adaptive_v1,134.82945,1.0
700,0.8,0.6,adaptive_v2,324.0188,1.0
700,0.8,0.6,adaptive_v3,335.53685,1.0
700,0.8,0.6,both,211.5371,1.0
700,0.8,0.6,lawler,136.2711,1.0
700,0.8,0.6,szwarc,388.7341,1.0
700,0.8,0.8,adaptive_v1,3.9850000000000003,1.0
700,0.8,0.8,adaptive_v2,5.66845,1.0
700,0.8,0.8,adaptive_v3,6.12685,1.0
700,0.8,0.8,both,3.5001499999999997,1.0
700,0.8,0.8,lawler,4.05625,1.0
700,0.8,0.8,szwarc,3.7352499999999997,1.0
700,1.0,0.2,adaptive_v1,0.00775,1.0
700,1.0,0.2,adaptive_v2,0.0077,1.0
700,1.0,0.2,adaptive_v3,0.00775,1.0
700,1.0,0.2,both,0.008,1.0
700,1.0,0.2,lawler,0.009000000000000001,1.0
700,1.0,0.2,szwarc,0.0081,1.0
700,1.0,0.4,adaptive_v1,0.0079,1.0
700,1.0,0.4,adaptive_v2,0.00785,1.0
700,1.0,0.4,adaptive_v3,0.00805,1.0
700,1.0,0.4,both,0.0081,1.0
700,1.0,0.4,lawler,0.0091,1.0
700,1.0,0.4,szwarc,0.00795,1.0
700,1.0,0.6,adaptive_v1,6.6459,1.0
700,1.0,0.6,adaptive_v2,9.9133,1.0
700,1.0,0.6,adaptive_v3,11.681999999999999,1.0
700,1.0,0.6,both,7.8974,1.0
700,1.0,0.6,lawler,6.727449999999999,1.0
700,1.0,0.6,szwarc,10.598949999999999,1.0
700,1.0,0.8,adaptive_v1,3.64755,1.0
700,1.0,0.8,adaptive_v2,5.61675,1.0
700,1.0,0.8,adaptive_v3,6.0501000000000005,1.0
700,1.0,0.8,both,3.5884,1.0
700,1.0,0.8,lawler,3.83575,1.0
700,1.0,0.8,szwarc,3.98,1.0
800,0.2,0.2,adaptive_v1,958.2099499999999,1.0
800,0.2,0.2,adaptive_v2,1565.2568999999999,1.0
800,0.2,0.2,adaptive_v3,1360.8803,1.0
800,0.2,0.2,both,919.7090499999999,1.0
800,0.2,0.2,lawler,954.1405,1.0
800,0.2,0.2,szwarc,2411.13875,1.0
800,0.2,0.4,adaptive_v1,46437.93355,1.0
800,0.2,0.4,adaptive_v2,56599.23105,1.0
800,0.2,0.4,adaptive_v3,42401.7097,1.0
800,0.2,0.4,both,51423.25885,1.0
800,0.2,0.4,lawler,46244.93785,1.0
800,0.2,0.4,szwarc,111186.693,1.0
800,0.2,0.6,adaptive_v1,125813.26855000001,1.0
800,0.2,0.6,adaptive_v2,121156.20504999999,1.0
800,0.2,0.6,adaptive_v3,91191.31534999999,1.0
800,0.2,0.6,both,118323.9398,1.0
800,0.2,0.6,lawler,124972.5054,1.0
800,0.2,0.6,szwarc,184847.70539999998,1.0
800,0.2,0.8,adaptive_v1,50071.55115,1.0
800,0.2,0.8,adaptive_v2,53919.2843,1.0
800,0.2,0.8,adaptive_v3,40883.089550000004,1.0
800,0.2,0.8,both,43553.4366,1.0
800,0.2,0.8,lawler,49535.513399999996,1.0
800,0.2,0.8,szwarc,60625.670549999995,1.0
800,0.4,0.2,adaptive_v1,0.0218,1.0
800,0.4,0.2,adaptive_v2,0.02735,1.0
800,0.4,0.2,adaptive_v3,0.029249999999999998,1.0
800,0.4,0.2,both,0.0281,1.0
800,0.4,0.2,lawler,0.0216,1.0
800,0.4,0.2,szwarc,5.37755,1.0
800,0.4,0.4,adaptive_v1,7731.73665,1.0
800,0.4,0.4,adaptive_v2,11764.735850000001,1.0
800,0.4,0.4,adaptive_v3,9265.8402,1.0
800,0.4,0.4,both,8774.215100000001,1.0
800,0.4,0.4,lawler,7628.3423,1.0
800,0.4,0.4,szwarc,20507.54305,1.0
800,0.4,0.6,adaptive_v1,38254.599799999996,1.0
800,0.4,0.6,adaptive_v2,54128.618350000004,1.0
800,0.4,0.6,adaptive_v3,41777.20865,1.0
800,0.4,0.6,both,43236.3802,1.0
800,0.4,0.6,lawler,37727.2961,1.0
800,0.4,0.6,szwarc,85395.5023,1.0
800,0.4,0.8,adaptive_v1,126.4682,1.0
800,0.4,0.8,adaptive_v2,286.704,1.0
800,0.4,0.8,adaptive_v3,350.2282,1.0
800,0.4,0.8,both,197.3425,1.0
800,0.4,0.8,lawler,126.50465,1.0
800,0.4,0.8,szwarc,336.59125,1.0
800,0.6,0.2,adaptive_v1,0.0076,1.0
800,0.6,0.2,adaptive_v2,0.00785,1.0
800,0.6,0.2,adaptive_v3,0.0075,1.0
800,0.6,0.2,both,0.0074,1.0
800,0.6,0.2,lawler,0.0076500000000000005,1.0
800,0.6,0.2,szwarc,0.0079,1.0
800,0.6,0.4,adaptive_v1,389.4072,1.0
800,0.6,0.4,adaptive_v2,915.8278,1.0
800,0.6,0.4,adaptive_v3,866.1972499999999,1.0
800,0.6,0.4,both,494.2042,1.0
800,0.6,0.4,lawler,386.98749999999995,1.0
800,0.6,0.4,szwarc,1186.11445,1.0
800,0.6,0.6,adaptive_v1,8057.9746,1.0
800,0.6,0.6,adaptive_v2,19433.6069,1.0
800,0.6,0.6,adaptive_v3,17479.56205,1.0
800,0.6,0.6,both,13731.3204,1.0
800,0.6,0.6,lawler,8017.9532,1.0
800,0.6,0.6,szwarc,26445.47285,1.0
800,0.6,0.8,adaptive_v1,5.4994499999999995,1.0
800,0.6,0.8,adaptive_v2,7.1716,1.0
800,0.6,0.8,adaptive_v3,7.9013,1.0
800,0.6,0.8,both,3.78395,1.0
800,0.6,0.8,lawler,5.4776,1.0
800,0.6,0.8,szwarc,4.343,1.0
800,0.8,0.2,adaptive_v1,0.0076,1.0
800,0.8,0.2,adaptive_v2,0.0074,1.0
800,0.8,0.2,adaptive_v3,0.00745,1.0
800,0.8,0.2,both,0.00785,1.0
800,0.8,0.2,lawler,0.008,1.0
800,0.8,0.2,szwarc,0.0078000000000000005,1.0
800,0.8,0.4,adaptive_v1,0.09855,1.0
800,0.8,0.4,adaptive_v2,0.11985,1.0
800,0.8,0.4,adaptive_v3,0.11965,1.0
800,0.8,0.4,both,0.11725,1.0
800,0.8,0.4,lawler,0.09725,1.0
800,0.8,0.4,szwarc,11.609950000000001,1.0
800,0.8,0.6,adaptive_v1,205.03915,1.0
800,0.8,0.6,adaptive_v2,680.36325,1.0
800,0.8,0.6,adaptive_v3,660.16335,1.0
800,0.8,0.6,both,376.4878,1.0
800,0.8,0.6,lawler,200.55355,1.0
800,0.8,0.6,szwarc,796.46335,1.0
800,0.8,0.8,adaptive_v1,5.0679,1.0
800,0.8,0.8,adaptive_v2,7.28615,1.0
800,0.8,0.8,adaptive_v3,7.97585,1.0
800,0.8,0.8,both,4.1898,1.0
800,0.8,0.8,lawler,4.9925,1.0
800,0.8,0.8,szwarc,4.4556000000000004,1.0
800,1.0,0.2,adaptive_v1,0.007549999999999999,1.0
800,1.0,0.2,adaptive_v2,0.007549999999999999,1.0
800,1.0,0.2,adaptive_v3,0.008199999999999999,1.0
800,1.0,0.2,both,0.0073,1.0
800,1.0,0.2,lawler,0.0081,1.0
800,1.0,0.2,szwarc,0.00805,1.0
800,1.0,0.4,adaptive_v1,0.0081,1.0
800,1.0,0.4,adaptive_v2,0.0072,1.0
800,1.0,0.4,adaptive_v3,0.0075,1.0
800,1.0,0.4,both,0.00745,1.0
800,1.0,0.4,lawler,0.00785,1.0
800,1.0,0.4,szwarc,0.007350000000000001,1.0
800,1.0,0.6,adaptive_v1,6.042,1.0
800,1.0,0.6,adaptive_v2,9.78725,1.0
800,1.0,0.6,adaptive_v3,9.8052,1.0
800,1.0,0.6,both,7.382350000000001,1.0
800,1.0,0.6,lawler,5.95205,1.0
800,1.0,0.6,szwarc,10.16075,1.0
800,1.0,0.8,adaptive_v1,4.58235,1.0
800,1.0,0.8,adaptive_v2,7.04275,1.0
800,1.0,0.8,adaptive_v3,7.22,1.0
800,1.0,0.8,both,4.339,1.0
800,1.0,0.8,lawler,4.558,1.0
800,1.0,0.8,szwarc,4.9254,1.0
900,0.2,0.2,adaptive_v1,1825.6658499999999,1.0
900,0.2,0.2,adaptive_v2,2609.8686,1.0
900,0.2,0.2,adaptive_v3,2217.9915499999997,1.0
900,0.2,0.2,both,1556.69725,1.0
900,0.2,0.2,lawler,1818.02565,1.0
900,0.2,0.2,szwarc,4367.34445,1.0
900,0.2,0.4,adaptive_v1,85419.10165,1.0
900,0.2,0.4,adaptive_v2,92984.21280000001,1.0
900,0.2,0.4,adaptive_v3,74050.8487,1.0
900,0.2,0.4,both,94394.39785,1.0
900,0.2,0.4,lawler,85216.96805,1.0
900,0.2,0.4,szwarc,182806.42875000002,1.0
900,0.2,0.6,adaptive_v1,202538.103,1.0
900,0.2,0.6,adaptive_v2,196134.774,1.0
900,0.2,0.6,adaptive_v3,142361.9955,1.0
900,0.2,0.6,both,202612.66635,1.0
900,0.2,0.6,lawler,201913.967,1.0
900,0.2,0.6,szwarc,285388.30264999997,1.0
900,0.2,0.8,adaptive_v1,77553.6865,1.0
900,0.2,0.8,adaptive_v2,81872.9669,1.0
900,0.2,0.8,adaptive_v3,59912.0196,1.0
900,0.2,0.8,both,67890.13235,1.0
900,0.2,0.8,lawler,77558.79535,1.0
900,0.2,0.8,szwarc,79873.03855,1.0
900,0.4,0.2,adaptive_v1,0.01745,1.0
900,0.4,0.2,adaptive_v2,0.0187,1.0
900,0.4,0.2,adaptive_v3,0.02135,1.0
900,0.4,0.2,both,0.02195,1.0
900,0.4,0.2,lawler,0.015349999999999999,1.0
900,0.4,0.2,szwarc,6.884,1.0
900,0.4,0.4,adaptive_v1,12260.515650000001,1.0
900,0.4,0.4,adaptive_v2,19391.6954,1.0
900,0.4,0.4,adaptive_v3,14835.597150000001,1.0
900,0.4,0.4,both,15046.3452,1.0
900,0.4,0.4,lawler,12212.4532,1.0
900,0.4,0.4,szwarc,33780.6653,1.0
900,0.4,0.6,adaptive_v1,53377.9696,1.0
900,0.4,0.6,adaptive_v2,77490.4411,1.0
900,0.4,0.6,adaptive_v3,58410.0221,1.0
900,0.4,0.6,both,67230.1799,1.0
900,0.4,0.6,lawler,53167.66115,1.0
900,0.4,0.6,szwarc,118259.54275,1.0
900,0.4,0.8,adaptive_v1,76.3031,1.0
900,0.4,0.8,adaptive_v2,212.87099999999998,1.0
900,0.4,0.8,adaptive_v3,214.0177,1.0
900,0.4,0.8,both,129.78375,1.0
900,0.4,0.8,lawler,76.0711,1.0
900,0.4,0.8,szwarc,243.40859999999998,1.0
900,0.6,0.2,adaptive_v1,0.00785,1.0
900,0.6,0.2,adaptive_v2,0.008199999999999999,1.0
900,0.6,0.2,adaptive_v3,0.00835,1.0
900,0.6,0.2,both,0.0083,1.0
900,0.6,0.2,lawler,0.009149999999999998,1.0
900,0.6,0.2,szwarc,0.00785,1.0
900,0.6,0.4,adaptive_v1,663.2972500000001,1.0
900,0.6,0.4,adaptive_v2,1715.0133999999998,1.0
900,0.6,0.4,adaptive_v3,1689.07085,1.0
900,0.6,0.4,both,965.1932999999999,1.0
900,0.6,0.4,lawler,661.7271499999999,1.0
900,0.6,0.4,szwarc,2478.3416500000003,1.0
900,0.6,0.6,adaptive_v1,8146.227849999999,1.0
900,0.6,0.6,adaptive_v2,25754.3595,1.0
900,0.6,0.6,adaptive_v3,20727.2702,1.0
900,0.6,0.6,both,16157.04995,1.0
900,0.6,0.6,lawler,8147.4518,1.0
900,0.6,0.6,szwarc,31096.87815,1.0
900,0.6,0.8,adaptive_v1,7.3847000000000005,1.0
900,0.6,0.8,adaptive_v2,9.9692,1.0
900,0.6,0.8,adaptive_v3,10.665099999999999,1.0
900,0.6,0.8,both,5.31325,1.0
900,0.6,0.8,lawler,7.6287,1.0
900,0.6,0.8,szwarc,6.3445,1.0
900,0.8,0.2,adaptive_v1,0.008150000000000001,1.0
900,0.8,0.2,adaptive_v2,0.008549999999999999,1.0
900,0.8,0.2,adaptive_v3,0.0086,1.0
900,0.8,0.2,both,0.0081,1.0
900,0.8,0.2,lawler,0.00805,1.0
900,0.8,0.2,szwarc,0.0082,1.0
900,0.8,0.4,adaptive_v1,0.0676,1.0
900,0.8,0.4,adaptive_v2,0.0965,1.0
900,0.8,0.4,adaptive_v3,0.09609999999999999,1.0
900,0.8,0.4,both,0.0904,1.0
900,0.8,0.4,lawler,0.07164999999999999,1.0
900,0.8,0.4,szwarc,14.20115,1.0
900,0.8,0.6,adaptive_v1,233.99085,1.0
900,0.8,0.6,adaptive_v2,630.0508,1.0
900,0.8,0.6,adaptive_v3,705.3237,1.0
900,0.8,0.6,both,450.40535,1.0
900,0.8,0.6,lawler,229.54475,1.0
900,0.8,0.6,szwarc,834.6431,1.0
900,0.8,0.8,adaptive_v1,6.10505,1.0
900,0.8,0.8,adaptive_v2,9.073350000000001,1.0
900,0.8,0.8,adaptive_v3,9.794599999999999,1.0
900,0.8,0.8,both,5.60505,1.0
900,0.8,0.8,lawler,6.2736,1.0
900,0.8,0.8,szwarc,5.81645,1.0
900,1.0,0.2,adaptive_v1,0.008,1.0
900,1.0,0.2,adaptive_v2,0.00805,1.0
900,1.0,0.2,adaptive_v3,0.00845,1.0
900,1.0,0.2,both,0.0081,1.0
900,1.0,0.2,lawler,0.00895,1.0
900,1.0,0.2,szwarc,0.0087,1.0
900,1.0,0.4,adaptive_v1,0.008,1.0
900,1.0,0.4,adaptive_v2,0.0084,1.0
900,1.0,0.4,adaptive_v3,0.008799999999999999,1.0
900,1.0,0.4,both,0.00855,1.0
900,1.0,0.4,lawler,0.00825,1.0
900,1.0,0.4,szwarc,0.009049999999999999,1.0
900,1.0,0.6,adaptive_v1,7.40465,1.0
900,1.0,0.6,adaptive_v2,13.779900000000001,1.0
900,1.0,0.6,adaptive_v3,13.95435,1.0
900,1.0,0.6,both,8.408100000000001,1.0
900,1.0,0.6,lawler,7.6530000000000005,1.0
900,1.0,0.6,szwarc,12.32325,1.0
900,1.0,0.8,adaptive_v1,5.5163,1.0
900,1.0,0.8,adaptive_v2,8.923,1.0
900,1.0,0.8,adaptive_v3,9.57675,1.0
900,1.0,0.8,both,5.6259999999999994,1.0
900,1.0,0.8,lawler,5.6021,1.0
900,1.0,0.8,szwarc,6.3376,1.0
1000,0.2,0.2,adaptive_v1,2182.9105499999996,1.0
1000,0.2,0.2,adaptive_v2,3401.3581000000004,1.0
1000,0.2,0.2,adaptive_v3,2783.93135,1.0
1000,0.2,0.2,both,2127.8476,1.0
1000,0.2,0.2,lawler,2161.9193,1.0
1000,0.2,0.2,szwarc,5674.2090499999995,1.0
1000,0.2,0.4,adaptive_v1,106191.1347,1.0
1000,0.2,0.4,adaptive_v2,121328.48120000001,1.0
1000,0.2,0.4,adaptive_v3,89975.94279999999,1.0
1000,0.2,0.4,both,116229.1521,1.0
1000,0.2,0.4,lawler,105605.07465,1.0
1000,0.2,0.4,szwarc,230264.18885,1.0
1000,0.2,0.6,adaptive_v1,273761.2443,1.0
1000,0.2,0.6,adaptive_v2,268574.971,1.0
1000,0.2,0.6,adaptive_v3,196415.89740000002,1.0
1000,0.2,0.6,both,293725.7326,1.0
1000,0.2,0.6,lawler,271933.2215,1.0
1000,0.2,0.6,szwarc,378888.3412,1.0
1000,0.2,0.8,adaptive_v1,118894.71225000001,1.0
1000,0.2,0.8,adaptive_v2,125216.51430000001,1.0
1000,0.2,0.8,adaptive_v3,87458.38785,1.0
1000,0.2,0.8,both,108109.74055,1.0
1000,0.2,0.8,lawler,118310.85115,1.0
1000,0.2,0.8,szwarc,117092.4455,1.0
1000,0.4,0.2,adaptive_v1,0.0432,1.0
1000,0.4,0.2,adaptive_v2,0.0539,1.0
1000,0.4,0.2,adaptive_v3,0.051949999999999996,1.0
1000,0.4,0.2,both,0.0619,1.0
1000,0.4,0.2,lawler,0.0411,1.0
1000,0.4,0.2,szwarc,17.32,1.0
1000,0.4,0.4,adaptive_v1,15755.14365,1.0
1000,0.4,0.4,adaptive_v2,25503.01115,1.0
1000,0.4,0.4,adaptive_v3,19103.88625,1.0
1000,0.4,0.4,both,19420.976450000002,1.0
1000,0.4,0.4,lawler,15854.797,1.0
1000,0.4,0.4,szwarc,41479.227100000004,1.0
1000,0.4,0.6,adaptive_v1,83867.24650000001,1.0
1000,0.4,0.6,adaptive_v2,109125.3796,1.0
1000,0.4,0.6,adaptive_v3,85827.61155,1.0
1000,0.4,0.6,both,106698.7254,1.0
1000,0.4,0.6,lawler,83501.1581,1.0
1000,0.4,0.6,szwarc,163573.61815,1.0
1000,0.4,0.8,adaptive_v1,123.87935,1.0
1000,0.4,0.8,adaptive_v2,319.38275,1.0
1000,0.4,0.8,adaptive_v3,354.8257,1.0
1000,0.4,0.8,both,208.8009,1.0
1000,0.4,0.8,lawler,123.8195,1.0
1000,0.4,0.8,szwarc,335.51,1.0
1000,0.6,0.2,adaptive_v1,0.01065,1.0
1000,0.6,0.2,adaptive_v2,0.009899999999999999,1.0
1000,0.6,0.2,adaptive_v3,0.0097,1.0
1000,0.6,0.2,both,0.00965,1.0
1000,0.6,0.2,lawler,0.01295,1.0
1000,0.6,0.2,szwarc,0.00995,1.0
1000,0.6,0.4,adaptive_v1,677.4694,1.0
1000,0.6,0.4,adaptive_v2,1831.7679,1.0
1000,0.6,0.4,adaptive_v3,1513.73595,1.0
1000,0.6,0.4,both,981.99325,1.0
1000,0.6,0.4,lawler,670.36925,1.0
1000,0.6,0.4,szwarc,2474.01455,1.0
1000,0.6,0.6,adaptive_v1,14419.435150000001,1.0
1000,0.6,0.6,adaptive_v2,39436.53125,1.0
1000,0.6,0.6,adaptive_v3,31604.3969,1.0
1000,0.6,0.6,both,26034.054949999998,1.0
1000,0.6,0.6,lawler,14404.116450000001,1.0
1000,0.6,0.6,szwarc,47956.487649999995,1.0
1000,0.6,0.8,adaptive_v1,8.26065,1.0
1000,0.6,0.8,adaptive_v2,11.027149999999999,1.0
1000,0.6,0.8,adaptive_v3,11.6318,1.0
1000,0.6,0.8,both,5.4891000000000005,1.0
1000,0.6,0.8,lawler,8.16565,1.0
1000,0.6,0.8,szwarc,6.21865,1.0
1000,0.8,0.2,adaptive_v1,0.009899999999999999,1.0
1000,0.8,0.2,adaptive_v2,0.01005,1.0
1000,0.8,0.2,adaptive_v3,0.0099,1.0
1000,0.8,0.2,both,0.009049999999999999,1.0
1000,0.8,0.2,lawler,0.0105,1.0
1000,0.8,0.2,szwarc,0.0093,1.0
1000,0.8,0.4,adaptive_v1,0.09725,1.0
1000,0.8,0.4,adaptive_v2,0.19615,1.0
1000,0.8,0.4,adaptive_v3,0.15625,1.0
1000,0.8,0.4,both,0.15265,1.0
1000,0.8,0.4,lawler,0.09795000000000001,1.0
1000,0.8,0.4,szwarc,17.467399999999998,1.0
1000,0.8,0.6,adaptive_v1,472.1934,1.0
1000,0.8,0.6,adaptive_v2,1306.1296,1.0
1000,0.8,0.6,adaptive_v3,1494.20455,1.0
1000,0.8,0.6,both,885.4205999999999,1.0
1000,0.8,0.6,lawler,467.52285,1.0
1000,0.8,0.6,szwarc,1569.8489,1.0
1000,0.8,0.8,adaptive_v1,7.3274,1.0
1000,0.8,0.8,adaptive_v2,10.300650000000001,1.0
1000,0.8,0.8,adaptive_v3,10.9037,1.0
1000,0.8,0.8,both,6.4973,1.0
1000,0.8,0.8,lawler,7.25825,1.0
1000,0.8,0.8,szwarc,6.58275,1.0
1000,1.0,0.2,adaptive_v1,0.009649999999999999,1.0
1000,1.0,0.2,adaptive_v2,0.009649999999999999,1.0
1000,1.0,0.2,adaptive_v3,0.00975,1.0
1000,1.0,0.2,both,0.012400000000000001,1.0
1000,1.0,0.2,lawler,0.009250000000000001,1.0
1000,1.0,0.2,szwarc,0.009600000000000001,1.0
1000,1.0,0.4,adaptive_v1,0.00915,1.0
1000,1.0,0.4,adaptive_v2,0.009399999999999999,1.0
1000,1.0,0.4,adaptive_v3,0.01,1.0
1000,1.0,0.4,both,0.0112,1.0
1000,1.0,0.4,lawler,0.01025,1.0
1000,1.0,0.4,szwarc,0.00925,1.0
1000,1.0,0.6,adaptive_v1,9.698550000000001,1.0
1000,1.0,0.6,adaptive_v2,16.8669,1.0
1000,1.0,0.6,adaptive_v3,16.6808,1.0
1000,1.0,0.6,both,12.121500000000001,1.0
1000,1.0,0.6,lawler,9.330649999999999,1.0
1000,1.0,0.6,szwarc,15.39825,1.0
1000,1.0,0.8,adaptive_v1,6.879300000000001,1.0
1000,1.0,0.8,adaptive_v2,10.47795,1.0
1000,1.0,0.8,adaptive_v3,10.9679,1.0
1000,1.0,0.8,both,6.63255,1.0
1000,1.0,0.8,lawler,6.77245,1.0
1000,1.0,0.8,szwarc,7.418200000000001,1.0
