source_file,config_norm,n,R,T,seed,solve_only_time_ms,solve_with_reconstruction_time_ms,overhead_ms,overhead_percent,wall_overhead_ms,wall_overhead_percent,actual_reconstruction_time_ms,solve_only_memory_mb,objective_match,order_valid,memory_mb,memory_ratio_to_solve_only,trace_hits,trace_fallbacks
C:\c++\test2\results\best_reconstruction_overhead\raw_results.csv,new_solve_with_reconstruction,100,0.2,0.6,0,18.6763,19.6682,0.9918999999999976,5.311009139925988,-1.195,-4.143263,0.1295,0.910904,True,True,1.739,1.9090925059062207,85.0,0.0
C:\c++\test2\results\best_reconstruction_overhead\raw_results.csv,new_solve_with_reconstruction,100,0.2,0.6,1,29.5475,31.8429,2.2954000000000008,7.768508334038415,-2.445,-5.889154,0.1602,1.37257,True,True,2.62035,1.909082961160451,81.0,0.0
C:\c++\test2\results\best_reconstruction_overhead\raw_results.csv,new_solve_with_reconstruction,100,0.2,0.6,2,12.1766,12.1788,0.002200000000000202,0.01806744082913294,-0.739,-3.606461,0.1114,0.546677,True,True,1.04366,1.909098059731798,76.0,0.0
C:\c++\test2\results\best_reconstruction_overhead\raw_results.csv,new_solve_with_reconstruction,100,0.2,0.6,3,14.815,15.6187,0.803700000000001,5.424907188660148,2.025,8.782963,0.135,0.723755,True,True,1.38171,1.9090852567512486,94.0,0.0
C:\c++\test2\results\best_reconstruction_overhead\raw_results.csv,new_solve_with_reconstruction,100,0.2,0.6,4,61.443,64.6105,3.167500000000004,5.155184479924489,2.18,3.128678,0.1183,2.48111,True,True,4.73666,1.9090890770663127,77.0,0.0
C:\c++\test2\results\best_reconstruction_overhead\raw_results.csv,new_solve_with_reconstruction,100,0.2,0.4,0,7.6073,7.6272,0.019899999999999807,0.26159084037700375,-1.062,-6.760886,0.1033,0.351974,True,True,0.671951,1.9090927170756928,77.0,0.0
C:\c++\test2\results\best_reconstruction_overhead\raw_results.csv,new_solve_with_reconstruction,100,0.2,0.4,1,10.8586,11.4462,0.5876000000000001,5.411378999134328,-1.002,-5.158301,0.1021,0.544579,True,True,1.03965,1.9090894066792878,73.0,0.0
C:\c++\test2\results\best_reconstruction_overhead\raw_results.csv,new_solve_with_reconstruction,100,0.2,0.4,2,6.831,6.953,0.12199999999999989,1.7859756990191755,-1.105,-7.247327,0.1173,0.375893,True,True,0.717613,1.9090884906076995,80.0,0.0
C:\c++\test2\results\best_reconstruction_overhead\raw_results.csv,new_solve_with_reconstruction,100,0.2,0.4,3,8.3878,8.7711,0.3833000000000002,4.569732230143782,-0.751,-4.540233,0.118,0.428848,True,True,0.81871,1.909091333059732,84.0,0.0
C:\c++\test2\results\best_reconstruction_overhead\raw_results.csv,new_solve_with_reconstruction,100,0.2,0.4,4,24.0253,24.4733,0.44799999999999685,1.864700961070192,-1.879,-5.564934,0.1408,1.0174,True,True,1.94231,1.9090918026341654,80.0,0.0
C:\c++\test2\results\best_reconstruction_overhead\raw_results.csv,new_solve_with_reconstruction,100,0.4,0.6,0,11.021,11.1396,0.11859999999999893,1.0761273931585058,-2.346,-11.157084,0.1208,0.522842,True,True,0.998154,1.9090929955894895,79.0,0.0
C:\c++\test2\results\best_reconstruction_overhead\raw_results.csv,new_solve_with_reconstruction,100,0.4,0.6,1,12.2413,12.7609,0.5195999999999987,4.244647218841126,-4.575,-18.712422,0.1072,0.54055,True,True,1.03196,1.9090925908796597,72.0,0.0
C:\c++\test2\results\best_reconstruction_overhead\raw_results.csv,new_solve_with_reconstruction,100,0.4,0.6,2,3.1585,3.347,0.1884999999999999,5.968022795630834,-1.007,-9.028151,0.1013,0.150055,True,True,0.286469,1.90909333244477,75.0,0.0
C:\c++\test2\results\best_reconstruction_overhead\raw_results.csv,new_solve_with_reconstruction,100,0.4,0.6,3,3.245,3.4271,0.1820999999999997,5.611710323574721,-1.05,-8.612911,0.1637,0.155006,True,True,0.295921,1.9090938415287149,86.0,0.0
C:\c++\test2\results\best_reconstruction_overhead\raw_results.csv,new_solve_with_reconstruction,100,0.4,0.6,4,31.2367,32.2983,1.0615999999999985,3.3985664298725493,0.548,1.392843,0.1481,1.30392,True,True,2.4893,1.9090895146941531,71.0,0.0
C:\c++\test2\results\best_reconstruction_overhead\raw_results.csv,new_solve_with_reconstruction,300,0.2,0.6,0,2166.07,2254.98,88.90999999999985,4.104668824183884,90.406,4.147028,0.9366,56.1464,True,True,96.251,1.7142862231594547,251.0,0.0
C:\c++\test2\results\best_reconstruction_overhead\raw_results.csv,new_solve_with_reconstruction,300,0.2,0.6,1,2310.41,2359.92,49.51000000000022,2.142909700009964,48.554,2.086347,0.8809,56.9131,True,True,97.5654,1.7142872203411867,238.0,0.0
C:\c++\test2\results\best_reconstruction_overhead\raw_results.csv,new_solve_with_reconstruction,300,0.2,0.6,2,1076.31,1113.39,37.080000000000155,3.4451041056944707,35.95,3.294158,0.6976,31.4267,True,True,53.8744,1.7142875325758034,207.0,0.0
C:\c++\test2\results\best_reconstruction_overhead\raw_results.csv,new_solve_with_reconstruction,300,0.2,0.6,3,3791.3,3912.18,120.87999999999965,3.1883522802204953,122.794,3.225404,0.5837,82.9804,True,True,142.252,1.7142843370241647,164.0,0.0
C:\c++\test2\results\best_reconstruction_overhead\raw_results.csv,new_solve_with_reconstruction,300,0.2,0.6,4,1939.92,1948.74,8.819999999999936,0.4546579240381014,8.545,0.437,0.7224,53.3784,True,True,91.5059,1.7142870524406877,219.0,0.0
C:\c++\test2\results\best_reconstruction_overhead\raw_results.csv,new_solve_with_reconstruction,300,0.2,0.4,0,1142.96,1165.0,22.039999999999964,1.928326450619441,21.348,1.844906,0.3574,35.4267,True,True,60.7315,1.7142861175328215,124.0,0.0
C:\c++\test2\results\best_reconstruction_overhead\raw_results.csv,new_solve_with_reconstruction,300,0.2,0.4,1,1536.04,1563.66,27.62000000000012,1.7981302570245643,27.538,1.775832,0.8468,40.1092,True,True,68.7587,1.7142874951382725,244.0,0.0
C:\c++\test2\results\best_reconstruction_overhead\raw_results.csv,new_solve_with_reconstruction,300,0.2,0.4,2,1055.05,1086.48,31.430000000000064,2.9790057343253937,31.725,2.967624,0.5852,34.8922,True,True,59.8152,1.7142857142857142,171.0,0.0
C:\c++\test2\results\best_reconstruction_overhead\raw_results.csv,new_solve_with_reconstruction,300,0.2,0.4,3,1344.6,1373.22,28.62000000000012,2.1285140562249083,28.46,2.094873,0.6537,34.4444,True,True,59.0475,1.7142844700444775,178.0,0.0
C:\c++\test2\results\best_reconstruction_overhead\raw_results.csv,new_solve_with_reconstruction,300,0.2,0.4,4,751.846,774.04,22.19399999999996,2.951934305695576,22.644,2.959408,0.3956,23.4874,True,True,40.2642,1.7142893636588128,128.0,0.0
C:\c++\test2\results\best_reconstruction_overhead\raw_results.csv,new_solve_with_reconstruction,300,0.4,0.6,0,1060.56,1082.78,22.220000000000027,2.0951195594780145,22.739,2.117243,0.8122,25.4076,True,True,43.5558,1.7142823407169507,226.0,0.0
C:\c++\test2\results\best_reconstruction_overhead\raw_results.csv,new_solve_with_reconstruction,300,0.4,0.6,1,1413.79,1437.56,23.769999999999982,1.6812963735774042,23.74,1.66262,0.8755,32.7689,True,True,56.1753,1.714287022145998,240.0,0.0
C:\c++\test2\results\best_reconstruction_overhead\raw_results.csv,new_solve_with_reconstruction,300,0.4,0.6,2,570.024,590.885,20.86099999999999,3.6596704700152958,18.949,3.244508,0.5883,16.0717,True,True,27.5515,1.7142866031595911,211.0,0.0
C:\c++\test2\results\best_reconstruction_overhead\raw_results.csv,new_solve_with_reconstruction,300,0.4,0.6,3,1616.55,1640.06,23.50999999999999,1.4543317558999096,23.335,1.431335,0.8611,31.5864,True,True,54.1481,1.7142852620114986,228.0,0.0
C:\c++\test2\results\best_reconstruction_overhead\raw_results.csv,new_solve_with_reconstruction,300,0.4,0.6,4,1156.54,1186.19,29.65000000000009,2.5636813253324653,28.187,2.405763,0.603,29.7922,True,True,51.0723,1.7142842757500285,181.0,0.0
C:\c++\test2\results\best_reconstruction_overhead\raw_results.csv,new_solve_with_reconstruction,500,0.2,0.6,0,17548.1,17959.4,411.3000000000029,2.343843493027752,419.701,2.386376,1.5225,363.048,True,True,576.606,1.5882362662788392,318.0,0.0
C:\c++\test2\results\best_reconstruction_overhead\raw_results.csv,new_solve_with_reconstruction,500,0.2,0.6,1,15782.3,16084.4,302.10000000000036,1.914169671087233,305.446,1.931318,1.4786,313.467,True,True,497.859,1.588234168189953,303.0,0.0
C:\c++\test2\results\best_reconstruction_overhead\raw_results.csv,new_solve_with_reconstruction,500,0.2,0.6,2,14139.8,14204.0,64.20000000000073,0.45403753942771985,76.531,0.539961,1.5411,287.231,True,True,456.19,1.5882338605512636,309.0,0.0
C:\c++\test2\results\best_reconstruction_overhead\raw_results.csv,new_solve_with_reconstruction,500,0.2,0.6,3,15454.1,15896.0,441.89999999999964,2.8594353601956737,459.617,2.968404,1.2515,325.822,True,True,517.482,1.588235294117647,271.0,0.0
C:\c++\test2\results\best_reconstruction_overhead\raw_results.csv,new_solve_with_reconstruction,500,0.2,0.6,4,15180.5,15165.9,-14.600000000000364,-0.09617601528276647,-13.568,-0.089155,1.9637,321.337,True,True,510.358,1.5882329143547118,429.0,0.0
C:\c++\test2\results\best_reconstruction_overhead\raw_results.csv,new_solve_with_reconstruction,500,0.2,0.4,0,6621.09,6834.64,213.55000000000018,3.225299761821697,214.715,3.230392,1.0501,168.036,True,True,266.88,1.588231093337142,243.0,0.0
C:\c++\test2\results\best_reconstruction_overhead\raw_results.csv,new_solve_with_reconstruction,500,0.2,0.4,1,5805.91,5914.51,108.60000000000036,1.870507810145186,111.037,1.904983,1.0516,143.02,True,True,227.149,1.5882324150468465,244.0,0.0
C:\c++\test2\results\best_reconstruction_overhead\raw_results.csv,new_solve_with_reconstruction,500,0.2,0.4,2,7454.25,7567.61,113.35999999999967,1.5207432001878078,121.69,1.627076,1.1248,196.509,True,True,312.103,1.5882376888590346,261.0,0.0
C:\c++\test2\results\best_reconstruction_overhead\raw_results.csv,new_solve_with_reconstruction,500,0.2,0.4,3,6305.87,6420.0,114.13000000000011,1.8099009335745917,119.679,1.890956,1.3043,175.487,True,True,278.715,1.58823730532746,265.0,0.0
C:\c++\test2\results\best_reconstruction_overhead\raw_results.csv,new_solve_with_reconstruction,500,0.2,0.4,4,8245.28,8410.69,165.40999999999985,2.006117439310731,171.202,2.069726,0.9904,222.989,True,True,354.158,1.5882308095915045,214.0,0.0
C:\c++\test2\results\best_reconstruction_overhead\raw_results.csv,new_solve_with_reconstruction,500,0.4,0.6,0,8329.39,8439.52,110.13000000000102,1.3221856582534979,111.578,1.335609,1.3299,156.128,True,True,247.968,1.5882352941176472,304.0,0.0
C:\c++\test2\results\best_reconstruction_overhead\raw_results.csv,new_solve_with_reconstruction,500,0.4,0.6,1,8379.92,8457.19,77.27000000000044,0.9220851750374758,80.677,0.960013,1.5727,159.468,True,True,253.272,1.588230867634886,338.0,0.0
C:\c++\test2\results\best_reconstruction_overhead\raw_results.csv,new_solve_with_reconstruction,500,0.4,0.6,2,6537.24,6558.92,21.68000000000029,0.33163842844993136,24.731,0.376973,1.4443,133.204,True,True,211.559,1.5882330860935105,336.0,0.0
C:\c++\test2\results\best_reconstruction_overhead\raw_results.csv,new_solve_with_reconstruction,500,0.4,0.6,3,6311.15,6399.93,88.78000000000065,1.4067166839641057,90.963,1.436184,1.1244,128.862,True,True,204.663,1.5882339246635937,246.0,0.0
C:\c++\test2\results\best_reconstruction_overhead\raw_results.csv,new_solve_with_reconstruction,500,0.4,0.6,4,6040.13,6140.66,100.52999999999975,1.6643681510166128,104.964,1.731343,1.5133,123.428,True,True,196.033,1.5882376770262825,298.0,0.0
C:\c++\test2\results\best_reconstruction_overhead\raw_results.csv,new_solve_with_reconstruction,700,0.2,0.6,0,49420.2,49716.6,296.40000000000146,0.5997547561523455,328.25,0.663485,3.0558,882.948,True,True,1324.42,1.4999977348609432,520.0,0.0
C:\c++\test2\results\best_reconstruction_overhead\raw_results.csv,new_solve_with_reconstruction,700,0.2,0.6,1,59988.5,60673.1,684.5999999999985,1.1412187335906023,711.098,1.184123,2.6877,1093.85,True,True,1640.77,1.4999954289893496,524.0,0.0
C:\c++\test2\results\best_reconstruction_overhead\raw_results.csv,new_solve_with_reconstruction,700,0.2,0.6,2,37110.0,37266.7,156.6999999999971,0.42225815144165213,164.623,0.442924,2.7386,701.033,True,True,1051.55,1.5000007132331858,483.0,0.0
C:\c++\test2\results\best_reconstruction_overhead\raw_results.csv,new_solve_with_reconstruction,700,0.2,0.6,3,46850.8,47559.0,708.1999999999971,1.5116070590043222,723.938,1.543266,3.2433,868.219,True,True,1302.33,1.5000017276746993,488.0,0.0
C:\c++\test2\results\best_reconstruction_overhead\raw_results.csv,new_solve_with_reconstruction,700,0.2,0.6,4,71568.2,72178.5,610.3000000000029,0.8527530383606168,652.399,0.910669,2.6123,1227.22,True,True,1840.83,1.5,496.0,0.0
C:\c++\test2\results\best_reconstruction_overhead\raw_results.csv,new_solve_with_reconstruction,700,0.2,0.4,0,19433.1,19882.7,449.6000000000022,2.3135783791572226,456.635,2.344594,1.4561,460.122,True,True,690.184,1.5000021733366367,356.0,0.0
C:\c++\test2\results\best_reconstruction_overhead\raw_results.csv,new_solve_with_reconstruction,700,0.2,0.4,1,23155.5,23653.0,497.5,2.1485176308004577,510.615,2.201008,1.2672,518.352,True,True,777.529,1.5000019291909745,290.0,0.0
C:\c++\test2\results\best_reconstruction_overhead\raw_results.csv,new_solve_with_reconstruction,700,0.2,0.4,2,18995.6,19207.8,212.20000000000073,1.1171008022910607,219.619,1.153569,1.0853,460.603,True,True,690.905,1.5000010855335288,269.0,0.0
C:\c++\test2\results\best_reconstruction_overhead\raw_results.csv,new_solve_with_reconstruction,700,0.2,0.4,3,18982.7,19511.7,529.0,2.786747933644845,535.371,2.813679,1.3343,481.004,True,True,721.507,1.5000020789847899,281.0,0.0
C:\c++\test2\results\best_reconstruction_overhead\raw_results.csv,new_solve_with_reconstruction,700,0.2,0.4,4,31101.2,31209.8,108.59999999999854,0.3491826681928625,122.685,0.393872,1.5426,661.29,True,True,991.935,1.5,322.0,0.0
C:\c++\test2\results\best_reconstruction_overhead\raw_results.csv,new_solve_with_reconstruction,700,0.4,0.6,0,19946.6,20201.8,255.20000000000073,1.2794160408290172,266.852,1.335363,2.6689,332.53,True,True,498.795,1.5000000000000002,432.0,0.0
C:\c++\test2\results\best_reconstruction_overhead\raw_results.csv,new_solve_with_reconstruction,700,0.4,0.6,1,29154.7,29126.1,-28.600000000002183,-0.09809739081521052,-21.831,-0.074774,2.6045,473.29,True,True,709.935,1.4999999999999998,470.0,0.0
C:\c++\test2\results\best_reconstruction_overhead\raw_results.csv,new_solve_with_reconstruction,700,0.4,0.6,2,15812.7,15956.3,143.59999999999854,0.9081308062506627,146.559,0.924569,1.9542,297.592,True,True,446.388,1.5,388.0,0.0
C:\c++\test2\results\best_reconstruction_overhead\raw_results.csv,new_solve_with_reconstruction,700,0.4,0.6,3,19760.8,20106.4,345.6000000000022,1.7489170478928089,350.732,1.771511,2.0231,346.713,True,True,520.069,1.4999985578850517,421.0,0.0
C:\c++\test2\results\best_reconstruction_overhead\raw_results.csv,new_solve_with_reconstruction,700,0.4,0.6,4,32348.6,32449.4,100.80000000000291,0.3116054481492334,106.458,0.328618,1.9314,504.309,True,True,756.463,1.4999990085443644,388.0,0.0
C:\c++\test2\results\best_reconstruction_overhead\raw_results.csv,new_solve_with_reconstruction,900,0.2,0.6,0,127984.0,129499.0,1515.0,1.1837417177147143,1590.574,1.241418,3.4971,2227.09,True,True,3155.05,1.416669285929172,514.0,0.0
C:\c++\test2\results\best_reconstruction_overhead\raw_results.csv,new_solve_with_reconstruction,900,0.2,0.6,1,154593.0,155284.0,691.0,0.4469801349349582,772.234,0.499011,3.8731,2572.52,True,True,3644.41,1.4166692581593145,528.0,0.0
C:\c++\test2\results\best_reconstruction_overhead\raw_results.csv,new_solve_with_reconstruction,900,0.2,0.6,2,134077.0,135308.0,1231.0,0.9181291347509267,1315.329,0.979984,4.058,2278.35,True,True,3227.67,1.4166699585226152,567.0,0.0
C:\c++\test2\results\best_reconstruction_overhead\raw_results.csv,new_solve_with_reconstruction,900,0.2,0.6,3,100574.0,101904.0,1330.0,1.322409370214966,1378.291,1.369043,3.4038,1723.57,True,True,2441.72,1.4166642492036876,501.0,0.0
C:\c++\test2\results\best_reconstruction_overhead\raw_results.csv,new_solve_with_reconstruction,900,0.2,0.6,4,154562.0,155809.0,1247.0,0.8067959783129101,1331.791,0.860804,3.9654,2592.86,True,True,3673.22,1.4166673094575102,552.0,0.0
C:\c++\test2\results\best_reconstruction_overhead\raw_results.csv,new_solve_with_reconstruction,900,0.2,0.4,0,67521.7,68462.5,940.8000000000029,1.3933298480340437,974.432,1.441219,2.1267,1480.27,True,True,2097.04,1.4166604741026976,382.0,0.0
C:\c++\test2\results\best_reconstruction_overhead\raw_results.csv,new_solve_with_reconstruction,900,0.2,0.4,1,55812.2,56412.1,599.9000000000015,1.0748546016820721,630.148,1.127319,1.9396,1340.79,True,True,1899.45,1.4166648020942878,301.0,0.0
C:\c++\test2\results\best_reconstruction_overhead\raw_results.csv,new_solve_with_reconstruction,900,0.2,0.4,2,65064.6,65497.9,433.3000000000029,0.6659535292616922,456.094,0.699943,2.2004,1421.3,True,True,2013.5,1.416660803489763,376.0,0.0
C:\c++\test2\results\best_reconstruction_overhead\raw_results.csv,new_solve_with_reconstruction,900,0.2,0.4,3,64291.2,64950.7,659.5,1.025801353840028,687.227,1.067384,1.9165,1476.38,True,True,2091.54,1.4166677955539901,355.0,0.0
C:\c++\test2\results\best_reconstruction_overhead\raw_results.csv,new_solve_with_reconstruction,900,0.2,0.4,4,67645.8,68590.3,944.5,1.396243373572343,990.573,1.462419,2.8,1437.4,True,True,2036.32,1.4166689856685681,449.0,0.0
C:\c++\test2\results\best_reconstruction_overhead\raw_results.csv,new_solve_with_reconstruction,900,0.4,0.6,0,53999.1,54444.9,445.8000000000029,0.8255693150441451,460.318,0.851398,3.5802,904.913,True,True,1281.96,1.4166665745767826,565.0,0.0
C:\c++\test2\results\best_reconstruction_overhead\raw_results.csv,new_solve_with_reconstruction,900,0.4,0.6,1,53211.8,53570.0,358.1999999999971,0.6731589609823331,374.051,0.702129,3.2395,833.742,True,True,1181.13,1.4166612693135288,521.0,0.0
C:\c++\test2\results\best_reconstruction_overhead\raw_results.csv,new_solve_with_reconstruction,900,0.4,0.6,2,52725.4,53089.7,364.29999999999563,0.6909383333270029,383.494,0.726459,3.5357,881.744,True,True,1249.14,1.4166696909760657,550.0,0.0
C:\c++\test2\results\best_reconstruction_overhead\raw_results.csv,new_solve_with_reconstruction,900,0.4,0.6,3,36956.4,37378.3,421.90000000000146,1.1416155253217344,433.435,1.171117,4.0262,600.435,True,True,850.616,1.4166662503018645,629.0,0.0
C:\c++\test2\results\best_reconstruction_overhead\raw_results.csv,new_solve_with_reconstruction,900,0.4,0.6,4,74382.0,74960.3,578.3000000000029,0.7774730445537937,601.681,0.808099,3.142,1176.11,True,True,1666.15,1.4166617068131384,509.0,0.0
C:\c++\test2\results\best_reconstruction_overhead\raw_results.csv,new_solve_with_reconstruction,1100,0.2,0.6,0,231666.0,233962.0,2296.0,0.9910819887251475,2399.256,1.03437,4.589,3970.26,True,True,5440.73,1.370371209945948,571.0,0.0
C:\c++\test2\results\best_reconstruction_overhead\raw_results.csv,new_solve_with_reconstruction,1100,0.2,0.6,1,295395.0,297641.0,2246.0,0.7603378527056992,2405.45,0.81339,3.9395,4753.9,True,True,6514.61,1.3703716948189908,525.0,0.0
C:\c++\test2\results\best_reconstruction_overhead\raw_results.csv,new_solve_with_reconstruction,1100,0.2,0.6,2,214709.0,216669.0,1960.0,0.9128634570511716,2070.171,0.963087,5.2202,3647.8,True,True,4998.83,1.3703684412522616,627.0,0.0
C:\c++\test2\results\best_reconstruction_overhead\raw_results.csv,new_solve_with_reconstruction,1100,0.2,0.6,3,294878.0,297340.0,2462.0,0.8349215607810687,2583.159,0.874956,5.0991,4626.25,True,True,6339.68,1.3703712510132398,611.0,0.0
C:\c++\test2\results\best_reconstruction_overhead\raw_results.csv,new_solve_with_reconstruction,1100,0.2,0.6,4,321225.0,323966.0,2741.0,0.8532959763405713,2890.077,0.898644,5.5818,4919.23,True,True,6741.17,1.370370972692881,688.0,0.0
C:\c++\test2\results\best_reconstruction_overhead\raw_results.csv,new_solve_with_reconstruction,1100,0.2,0.4,0,101772.0,102831.0,1059.0,1.0405612545690366,1103.985,1.082839,2.6228,2250.95,True,True,3084.63,1.3703680668162332,438.0,0.0
C:\c++\test2\results\best_reconstruction_overhead\raw_results.csv,new_solve_with_reconstruction,1100,0.2,0.4,1,107404.0,108768.0,1364.0,1.269971323228185,1455.61,1.353157,2.4008,2406.34,True,True,3297.58,1.3703716016855472,341.0,0.0
C:\c++\test2\results\best_reconstruction_overhead\raw_results.csv,new_solve_with_reconstruction,1100,0.2,0.4,2,96218.2,97415.8,1197.6000000000058,1.2446709666154698,1236.38,1.282605,2.4064,2166.71,True,True,2969.2,1.370372592548149,383.0,0.0
C:\c++\test2\results\best_reconstruction_overhead\raw_results.csv,new_solve_with_reconstruction,1100,0.2,0.4,3,105850.0,106969.0,1119.0,1.0571563533301842,1151.476,1.086186,2.4356,2231.8,True,True,3058.39,1.3703692087104578,399.0,0.0
C:\c++\test2\results\best_reconstruction_overhead\raw_results.csv,new_solve_with_reconstruction,1100,0.2,0.4,4,144088.0,145873.0,1785.0,1.2388262728332686,1843.315,1.277362,2.9644,2863.85,True,True,3924.53,1.370368559805856,423.0,0.0
C:\c++\test2\results\best_reconstruction_overhead\raw_results.csv,new_solve_with_reconstruction,1100,0.4,0.6,0,78210.0,78866.8,656.8000000000029,0.8397903081447422,696.957,0.890001,4.2517,1244.07,True,True,1704.84,1.3703730497480044,591.0,0.0
C:\c++\test2\results\best_reconstruction_overhead\raw_results.csv,new_solve_with_reconstruction,1100,0.4,0.6,1,126566.0,127624.0,1058.0,0.8359275002765355,1131.49,0.893075,4.9496,1887.49,True,True,2586.56,1.3703701741466179,663.0,0.0
C:\c++\test2\results\best_reconstruction_overhead\raw_results.csv,new_solve_with_reconstruction,1100,0.4,0.6,2,93620.2,94157.6,537.4000000000087,0.5740214184545737,602.514,0.642909,4.9267,1471.76,True,True,2016.85,1.3703660922976573,689.0,0.0
C:\c++\test2\results\best_reconstruction_overhead\raw_results.csv,new_solve_with_reconstruction,1100,0.4,0.6,3,123757.0,124963.0,1206.0,0.974490331860016,1253.746,1.011963,4.8036,1793.07,True,True,2457.17,1.3703703703703705,670.0,0.0
C:\c++\test2\results\best_reconstruction_overhead\raw_results.csv,new_solve_with_reconstruction,1100,0.4,0.6,4,156782.0,157916.0,1134.0,0.7232973172940771,1164.433,0.741827,5.1377,2231.97,True,True,3058.62,1.370367881288727,661.0,0.0
C:\c++\test2\results\reconstruction_overhead\raw_results.csv,old_solve_with_reconstruction,100,0.2,0.6,0,18.0566,18.3814,0.32479999999999976,1.7987882547101879,-40.968,-55.866,,,True,True,,,,
C:\c++\test2\results\reconstruction_overhead\raw_results.csv,old_solve_with_reconstruction,100,0.2,0.6,1,29.3964,28.8782,-0.5182000000000002,-1.7628008871834653,5.97,16.509,,,True,True,,,,
C:\c++\test2\results\reconstruction_overhead\raw_results.csv,old_solve_with_reconstruction,100,0.2,0.6,2,11.1865,11.2095,0.022999999999999687,0.20560497027666996,5.267,29.55,,,True,True,,,,
C:\c++\test2\results\reconstruction_overhead\raw_results.csv,old_solve_with_reconstruction,100,0.2,0.6,3,14.3446,14.6927,0.3481000000000005,2.426697154329856,6.539,31.23,,,True,True,,,,
C:\c++\test2\results\reconstruction_overhead\raw_results.csv,old_solve_with_reconstruction,100,0.2,0.6,4,61.6738,59.8966,-1.7772000000000006,-2.881612613459849,11.114,16.255,,,True,True,,,,
C:\c++\test2\results\reconstruction_overhead\raw_results.csv,old_solve_with_reconstruction,100,0.2,0.4,0,7.0288,7.1405,0.11169999999999991,1.5891759617573398,2.455,18.223,,,True,True,,,,
C:\c++\test2\results\reconstruction_overhead\raw_results.csv,old_solve_with_reconstruction,100,0.2,0.4,1,10.6643,10.6245,-0.03980000000000139,-0.3732078054818543,2.694,15.366,,,True,True,,,,
C:\c++\test2\results\reconstruction_overhead\raw_results.csv,old_solve_with_reconstruction,100,0.2,0.4,2,6.3182,6.3239,0.005700000000000038,0.09021556772498557,2.134,16.656,,,True,True,,,,
C:\c++\test2\results\reconstruction_overhead\raw_results.csv,old_solve_with_reconstruction,100,0.2,0.4,3,8.0917,8.1236,0.03190000000000026,0.3942311257214215,2.77,19.08,,,True,True,,,,
C:\c++\test2\results\reconstruction_overhead\raw_results.csv,old_solve_with_reconstruction,100,0.2,0.4,4,23.3526,23.4786,0.12600000000000122,0.5395544821561677,2.007,6.651,,,True,True,,,,
C:\c++\test2\results\reconstruction_overhead\raw_results.csv,old_solve_with_reconstruction,100,0.4,0.6,0,10.43,10.4564,0.026400000000000645,0.2531160115052794,2.189,13.003,,,True,True,,,,
C:\c++\test2\results\reconstruction_overhead\raw_results.csv,old_solve_with_reconstruction,100,0.4,0.6,1,12.184,11.8711,-0.31289999999999907,-2.568122127380163,1.908,10.19,,,True,True,,,,
C:\c++\test2\results\reconstruction_overhead\raw_results.csv,old_solve_with_reconstruction,100,0.4,0.6,2,3.052,3.0654,0.013399999999999856,0.43905635648754443,2.279,23.911,,,True,True,,,,
C:\c++\test2\results\reconstruction_overhead\raw_results.csv,old_solve_with_reconstruction,100,0.4,0.6,3,3.1597,3.1619,0.002200000000000202,0.06962686330981428,3.46,35.714,,,True,True,,,,
C:\c++\test2\results\reconstruction_overhead\raw_results.csv,old_solve_with_reconstruction,100,0.4,0.6,4,30.6756,30.3746,-0.3009999999999984,-0.9812359008462699,5.105,13.733,,,True,True,,,,
C:\c++\test2\results\reconstruction_overhead\raw_results.csv,old_solve_with_reconstruction,300,0.2,0.6,0,2145.47,2157.02,11.550000000000182,0.5383435797284597,841.214,39.011,,,True,True,,,,
C:\c++\test2\results\reconstruction_overhead\raw_results.csv,old_solve_with_reconstruction,300,0.2,0.6,1,2297.11,2298.5,1.3899999999998727,0.06051081576415029,3205.414,138.867,,,True,True,,,,
C:\c++\test2\results\reconstruction_overhead\raw_results.csv,old_solve_with_reconstruction,300,0.2,0.6,2,1095.33,1086.13,-9.199999999999818,-0.8399295189577405,260.844,23.598,,,True,True,,,,
C:\c++\test2\results\reconstruction_overhead\raw_results.csv,old_solve_with_reconstruction,300,0.2,0.6,3,3792.23,3804.35,12.11999999999989,0.31960086809080385,4718.306,123.967,,,True,True,,,,
C:\c++\test2\results\reconstruction_overhead\raw_results.csv,old_solve_with_reconstruction,300,0.2,0.6,4,1920.77,1908.86,-11.910000000000082,-0.6200638285687553,501.187,25.941,,,True,True,,,,
C:\c++\test2\results\reconstruction_overhead\raw_results.csv,old_solve_with_reconstruction,300,0.2,0.4,0,1132.8,1150.01,17.210000000000036,1.519244350282489,373.697,32.691,,,True,True,,,,
C:\c++\test2\results\reconstruction_overhead\raw_results.csv,old_solve_with_reconstruction,300,0.2,0.4,1,1509.38,1525.31,15.929999999999836,1.0554002305582315,236.374,15.554,,,True,True,,,,
C:\c++\test2\results\reconstruction_overhead\raw_results.csv,old_solve_with_reconstruction,300,0.2,0.4,2,1042.38,1062.56,20.179999999999836,1.935954258523747,164.563,15.613,,,True,True,,,,
C:\c++\test2\results\reconstruction_overhead\raw_results.csv,old_solve_with_reconstruction,300,0.2,0.4,3,1325.11,1316.35,-8.759999999999991,-0.6610771935914748,121.548,9.1,,,True,True,,,,
C:\c++\test2\results\reconstruction_overhead\raw_results.csv,old_solve_with_reconstruction,300,0.2,0.4,4,735.035,753.832,18.797000000000025,2.557293190120202,133.396,17.905,,,True,True,,,,
C:\c++\test2\results\reconstruction_overhead\raw_results.csv,old_solve_with_reconstruction,300,0.4,0.6,0,1044.49,1041.35,-3.1400000000001,-0.30062518549723793,68.802,6.521,,,True,True,,,,
C:\c++\test2\results\reconstruction_overhead\raw_results.csv,old_solve_with_reconstruction,300,0.4,0.6,1,1388.53,1406.27,17.74000000000001,1.277610134458745,216.491,15.477,,,True,True,,,,
C:\c++\test2\results\reconstruction_overhead\raw_results.csv,old_solve_with_reconstruction,300,0.4,0.6,2,558.736,575.498,16.762000000000057,2.9999856819678805,45.043,7.916,,,True,True,,,,
C:\c++\test2\results\reconstruction_overhead\raw_results.csv,old_solve_with_reconstruction,300,0.4,0.6,3,1613.63,1642.93,29.299999999999955,1.8157818087169892,184.219,11.333,,,True,True,,,,
C:\c++\test2\results\reconstruction_overhead\raw_results.csv,old_solve_with_reconstruction,300,0.4,0.6,4,1155.44,1141.87,-13.570000000000164,-1.1744443675136886,19.76,1.695,,,True,True,,,,
C:\c++\test2\results\reconstruction_overhead\raw_results.csv,old_solve_with_reconstruction,500,0.2,0.6,0,17372.9,17385.5,12.599999999998545,0.07252675143469739,13489.621,77.507,,,True,True,,,,
C:\c++\test2\results\reconstruction_overhead\raw_results.csv,old_solve_with_reconstruction,500,0.2,0.6,1,15674.0,15720.0,46.0,0.29347964782442265,14749.224,93.958,,,True,True,,,,
C:\c++\test2\results\reconstruction_overhead\raw_results.csv,old_solve_with_reconstruction,500,0.2,0.6,2,13849.8,13843.8,-6.0,-0.04332192522635706,24031.461,173.23,,,True,True,,,,
C:\c++\test2\results\reconstruction_overhead\raw_results.csv,old_solve_with_reconstruction,500,0.2,0.6,3,15643.8,15697.3,53.5,0.3419885194134417,9774.686,62.385,,,True,True,,,,
C:\c++\test2\results\reconstruction_overhead\raw_results.csv,old_solve_with_reconstruction,500,0.2,0.6,4,15151.5,15115.3,-36.20000000000073,-0.23892023892024372,5535.427,36.477,,,True,True,,,,
C:\c++\test2\results\reconstruction_overhead\raw_results.csv,old_solve_with_reconstruction,500,0.2,0.4,0,6683.08,6659.26,-23.81999999999971,-0.356422487834946,809.833,12.083,,,True,True,,,,
C:\c++\test2\results\reconstruction_overhead\raw_results.csv,old_solve_with_reconstruction,500,0.2,0.4,1,5877.42,5877.06,-0.3599999999996726,-0.006125136539496456,833.427,14.137,,,True,True,,,,
C:\c++\test2\results\reconstruction_overhead\raw_results.csv,old_solve_with_reconstruction,500,0.2,0.4,2,7544.34,7580.92,36.57999999999993,0.4848668008069616,1353.579,17.895,,,True,True,,,,
C:\c++\test2\results\reconstruction_overhead\raw_results.csv,old_solve_with_reconstruction,500,0.2,0.4,3,6431.0,6450.61,19.609999999999673,0.3049292489503914,1639.275,25.415,,,True,True,,,,
C:\c++\test2\results\reconstruction_overhead\raw_results.csv,old_solve_with_reconstruction,500,0.2,0.4,4,8434.62,8441.89,7.269999999998618,0.08619238329644509,1295.776,15.316,,,True,True,,,,
C:\c++\test2\results\reconstruction_overhead\raw_results.csv,old_solve_with_reconstruction,500,0.4,0.6,0,8578.11,8516.31,-61.80000000000109,-0.7204384182529845,868.666,10.105,,,True,True,,,,
C:\c++\test2\results\reconstruction_overhead\raw_results.csv,old_solve_with_reconstruction,500,0.4,0.6,1,8577.67,8578.09,0.42000000000007276,0.004896434579554503,534.719,6.22,,,True,True,,,,
C:\c++\test2\results\reconstruction_overhead\raw_results.csv,old_solve_with_reconstruction,500,0.4,0.6,2,6651.77,6650.61,-1.160000000000764,-0.017438967372605547,1012.674,15.183,,,True,True,,,,
C:\c++\test2\results\reconstruction_overhead\raw_results.csv,old_solve_with_reconstruction,500,0.4,0.6,3,6535.78,6576.58,40.80000000000018,0.6242560184094352,412.077,6.288,,,True,True,,,,
C:\c++\test2\results\reconstruction_overhead\raw_results.csv,old_solve_with_reconstruction,500,0.4,0.6,4,6165.29,6064.0,-101.28999999999996,-1.6429073084964367,57.586,0.931,,,True,True,,,,
C:\c++\test2\results\reconstruction_overhead\raw_results.csv,old_solve_with_reconstruction,700,0.2,0.6,0,50491.1,50629.0,137.90000000000146,0.27311744049941766,60857.376,120.412,,,True,True,,,,
C:\c++\test2\results\reconstruction_overhead\raw_results.csv,old_solve_with_reconstruction,700,0.2,0.6,1,61944.5,63402.4,1457.9000000000015,2.3535584273018615,98436.469,158.773,,,True,True,,,,
C:\c++\test2\results\reconstruction_overhead\raw_results.csv,old_solve_with_reconstruction,700,0.2,0.6,2,37750.5,37701.0,-49.5,-0.13112409107164144,42962.736,113.665,,,True,True,,,,
C:\c++\test2\results\reconstruction_overhead\raw_results.csv,old_solve_with_reconstruction,700,0.2,0.6,3,47838.4,47935.2,96.79999999999563,0.20234790461218527,70277.718,146.77,,,True,True,,,,
C:\c++\test2\results\reconstruction_overhead\raw_results.csv,old_solve_with_reconstruction,700,0.2,0.6,4,72612.8,72749.1,136.3000000000029,0.1877079523169509,88553.04,121.854,,,True,True,,,,
C:\c++\test2\results\reconstruction_overhead\raw_results.csv,old_solve_with_reconstruction,700,0.2,0.4,0,19713.6,19714.4,0.8000000000029104,0.004058112166235038,4109.644,20.811,,,True,True,,,,
C:\c++\test2\results\reconstruction_overhead\raw_results.csv,old_solve_with_reconstruction,700,0.2,0.4,1,23531.0,23490.9,-40.099999999998545,-0.17041349708894032,6420.863,27.246,,,True,True,,,,
C:\c++\test2\results\reconstruction_overhead\raw_results.csv,old_solve_with_reconstruction,700,0.2,0.4,2,19089.7,19070.0,-19.700000000000728,-0.10319701200124007,2806.306,14.672,,,True,True,,,,
C:\c++\test2\results\reconstruction_overhead\raw_results.csv,old_solve_with_reconstruction,700,0.2,0.4,3,19380.3,19365.3,-15.0,-0.07739818269067042,2810.374,14.476,,,True,True,,,,
C:\c++\test2\results\reconstruction_overhead\raw_results.csv,old_solve_with_reconstruction,700,0.2,0.4,4,31329.8,31361.0,31.200000000000728,0.09958569796168736,8464.964,26.985,,,True,True,,,,
C:\c++\test2\results\reconstruction_overhead\raw_results.csv,old_solve_with_reconstruction,700,0.4,0.6,0,20454.5,20427.7,-26.799999999999272,-0.13102251338335952,3087.048,15.071,,,True,True,,,,
C:\c++\test2\results\reconstruction_overhead\raw_results.csv,old_solve_with_reconstruction,700,0.4,0.6,1,29520.9,29522.6,1.6999999999970896,0.005758632020016631,2654.823,8.983,,,True,True,,,,
C:\c++\test2\results\reconstruction_overhead\raw_results.csv,old_solve_with_reconstruction,700,0.4,0.6,2,15897.1,15910.6,13.5,0.08492114914040925,1766.352,11.092,,,True,True,,,,
C:\c++\test2\results\reconstruction_overhead\raw_results.csv,old_solve_with_reconstruction,700,0.4,0.6,3,20119.8,20102.4,-17.399999999997817,-0.08648197298182794,1735.598,8.614,,,True,True,,,,
C:\c++\test2\results\reconstruction_overhead\raw_results.csv,old_solve_with_reconstruction,700,0.4,0.6,4,32832.4,32868.6,36.19999999999709,0.11025694131405896,1557.896,4.74,,,True,True,,,,
C:\c++\test2\results\reconstruction_overhead\raw_results.csv,old_solve_with_reconstruction,900,0.2,0.6,0,131150.0,131151.0,1.0,0.0007624857033930614,211822.07,161.39,,,True,True,,,,
C:\c++\test2\results\reconstruction_overhead\raw_results.csv,old_solve_with_reconstruction,900,0.2,0.6,1,157265.0,156997.0,-268.0,-0.1704129971703812,242346.388,153.995,,,True,True,,,,
C:\c++\test2\results\reconstruction_overhead\raw_results.csv,old_solve_with_reconstruction,900,0.2,0.6,2,137054.0,137199.0,145.0,0.10579771476936098,266113.56,194.022,,,True,True,,,,
C:\c++\test2\results\reconstruction_overhead\raw_results.csv,old_solve_with_reconstruction,900,0.2,0.6,3,102802.0,102830.0,28.0,0.027236824186299875,167247.052,162.56,,,True,True,,,,
C:\c++\test2\results\reconstruction_overhead\raw_results.csv,old_solve_with_reconstruction,900,0.2,0.6,4,157778.0,157675.0,-103.0,-0.06528159819493212,355253.428,225.0,,,True,True,,,,
C:\c++\test2\results\reconstruction_overhead\raw_results.csv,old_solve_with_reconstruction,900,0.2,0.4,0,68904.3,69058.1,153.8000000000029,0.2232081306972176,19858.228,28.789,,,True,True,,,,
C:\c++\test2\results\reconstruction_overhead\raw_results.csv,old_solve_with_reconstruction,900,0.2,0.4,1,56938.3,56745.2,-193.10000000000582,-0.33913903295322445,9858.429,17.294,,,True,True,,,,
C:\c++\test2\results\reconstruction_overhead\raw_results.csv,old_solve_with_reconstruction,900,0.2,0.4,2,66178.1,66011.7,-166.40000000000873,-0.2514426978109204,27790.303,41.946,,,True,True,,,,
C:\c++\test2\results\reconstruction_overhead\raw_results.csv,old_solve_with_reconstruction,900,0.2,0.4,3,65543.2,65366.8,-176.39999999999418,-0.2691354709565511,14828.987,22.595,,,True,True,,,,
C:\c++\test2\results\reconstruction_overhead\raw_results.csv,old_solve_with_reconstruction,900,0.2,0.4,4,68903.8,68833.1,-70.69999999999709,-0.10260682284576043,11082.036,16.067,,,True,True,,,,
C:\c++\test2\results\reconstruction_overhead\raw_results.csv,old_solve_with_reconstruction,900,0.4,0.6,0,54932.6,54971.9,39.30000000000291,0.07154221718979788,6884.224,12.519,,,True,True,,,,
C:\c++\test2\results\reconstruction_overhead\raw_results.csv,old_solve_with_reconstruction,900,0.4,0.6,1,54225.6,54386.6,161.0,0.2969077336165944,8143.984,15.005,,,True,True,,,,
C:\c++\test2\results\reconstruction_overhead\raw_results.csv,old_solve_with_reconstruction,900,0.4,0.6,2,53960.8,53881.5,-79.30000000000291,-0.146958532860897,3805.471,7.045,,,True,True,,,,
C:\c++\test2\results\reconstruction_overhead\raw_results.csv,old_solve_with_reconstruction,900,0.4,0.6,3,37853.9,37872.7,18.799999999995634,0.049664631649567505,5845.885,15.425,,,True,True,,,,
C:\c++\test2\results\reconstruction_overhead\raw_results.csv,old_solve_with_reconstruction,900,0.4,0.6,4,77627.5,77738.6,111.10000000000582,0.14311938423884038,11525.881,14.836,,,True,True,,,,
C:\c++\test2\results\reconstruction_overhead\raw_results.csv,old_solve_with_reconstruction,1100,0.2,0.6,0,236209.0,235755.0,-454.0,-0.1922026679762414,372628.591,157.637,,,True,True,,,,
C:\c++\test2\results\reconstruction_overhead\raw_results.csv,old_solve_with_reconstruction,1100,0.2,0.6,1,302922.0,301626.0,-1296.0,-0.4278329074811338,875278.677,288.758,,,True,True,,,,
C:\c++\test2\results\reconstruction_overhead\raw_results.csv,old_solve_with_reconstruction,1100,0.2,0.6,2,219841.0,219730.0,-111.0,-0.05049103670379956,738685.912,335.758,,,True,True,,,,
C:\c++\test2\results\reconstruction_overhead\raw_results.csv,old_solve_with_reconstruction,1100,0.2,0.6,3,301603.0,301819.0,216.0,0.07161732476135847,772272.8,255.847,,,True,True,,,,
C:\c++\test2\results\reconstruction_overhead\raw_results.csv,old_solve_with_reconstruction,1100,0.2,0.6,4,328264.0,323859.0,-4405.0,-1.3419077328004287,903603.385,275.048,,,True,True,,,,
C:\c++\test2\results\reconstruction_overhead\raw_results.csv,old_solve_with_reconstruction,1100,0.2,0.4,0,102501.0,102584.0,83.0,0.08097481975785602,65337.669,63.672,,,True,True,,,,
C:\c++\test2\results\reconstruction_overhead\raw_results.csv,old_solve_with_reconstruction,1100,0.2,0.4,1,108300.0,108408.0,108.0,0.0997229916897507,58530.917,53.99,,,True,True,,,,
C:\c++\test2\results\reconstruction_overhead\raw_results.csv,old_solve_with_reconstruction,1100,0.2,0.4,2,96861.8,96963.7,101.89999999999418,0.10520143131760319,35593.413,36.707,,,True,True,,,,
C:\c++\test2\results\reconstruction_overhead\raw_results.csv,old_solve_with_reconstruction,1100,0.2,0.4,3,106754.0,106931.0,177.0,0.16580174981733706,23431.317,21.927,,,True,True,,,,
C:\c++\test2\results\reconstruction_overhead\raw_results.csv,old_solve_with_reconstruction,1100,0.2,0.4,4,145322.0,145181.0,-141.0,-0.09702591486492065,31773.93,21.845,,,True,True,,,,
C:\c++\test2\results\reconstruction_overhead\raw_results.csv,old_solve_with_reconstruction,1100,0.4,0.6,0,78978.5,78916.2,-62.30000000000291,-0.07888222744164919,8919.172,11.283,,,True,True,,,,
C:\c++\test2\results\reconstruction_overhead\raw_results.csv,old_solve_with_reconstruction,1100,0.4,0.6,1,127749.0,127841.0,92.0,0.07201621930504348,15320.652,11.984,,,True,True,,,,
C:\c++\test2\results\reconstruction_overhead\raw_results.csv,old_solve_with_reconstruction,1100,0.4,0.6,2,94189.5,94275.9,86.39999999999418,0.09172996990109744,17718.857,18.796,,,True,True,,,,
C:\c++\test2\results\reconstruction_overhead\raw_results.csv,old_solve_with_reconstruction,1100,0.4,0.6,3,125069.0,125036.0,-33.0,-0.026385435239747658,19922.373,15.918,,,True,True,,,,
C:\c++\test2\results\reconstruction_overhead\raw_results.csv,old_solve_with_reconstruction,1100,0.4,0.6,4,157797.0,157779.0,-18.0,-0.011407060970740887,12213.94,7.735,,,True,True,,,,
